"Population","P010001","P010004","P010011","state","county","tract","GEOID"
3411,2568,236,5,"51","059","415100","51059415100"
3107,2672,115,8,"51","059","415200","51059415200"
3763,2937,372,14,"51","059","415300","51059415300"
5135,3835,1292,21,"51","059","415401","51059415401"
2691,2136,310,8,"51","059","415402","51059415402"
5806,4247,799,11,"51","059","415500","51059415500"
2640,1999,27,2,"51","059","415600","51059415600"
3821,2633,32,5,"51","059","415700","51059415700"
4752,3381,76,6,"51","059","415800","51059415800"
3160,2450,111,5,"51","059","415900","51059415900"
5522,4026,889,20,"51","059","416000","51059416000"
3734,2913,162,10,"51","059","416100","51059416100"
5280,2844,596,19,"51","059","416200","51059416200"
2005,1551,62,1,"51","059","416300","51059416300"
4158,3128,303,7,"51","059","420100","51059420100"
3672,2772,504,6,"51","059","420201","51059420201"
1941,1687,385,13,"51","059","420202","51059420202"
2637,2042,242,3,"51","059","420203","51059420203"
5814,4443,373,16,"51","059","420300","51059420300"
2958,2647,493,21,"51","059","420400","51059420400"
1578,1486,112,0,"51","059","420501","51059420501"
1700,1505,212,12,"51","059","420502","51059420502"
2506,2129,322,11,"51","059","420503","51059420503"
4334,3317,520,13,"51","059","420600","51059420600"
4095,3127,220,9,"51","059","420700","51059420700"
3661,2738,210,7,"51","059","420800","51059420800"
2663,2061,329,12,"51","059","421001","51059421001"
4947,3784,659,13,"51","059","421002","51059421002"
5683,4221,788,17,"51","059","421101","51059421101"
3296,2562,456,8,"51","059","421102","51059421102"
5261,3898,561,18,"51","059","421103","51059421103"
1926,1440,90,3,"51","059","421200","51059421200"
3690,2888,419,14,"51","059","421300","51059421300"
7158,5177,1674,27,"51","059","421400","51059421400"
7001,4787,1292,15,"51","059","421500","51059421500"
6342,4556,1818,17,"51","059","421600","51059421600"
4546,3281,1050,16,"51","059","421701","51059421701"
4054,3062,738,17,"51","059","421702","51059421702"
5862,4435,1465,27,"51","059","421800","51059421800"
2216,1418,372,8,"51","059","421900","51059421900"
3439,2670,559,6,"51","059","422000","51059422000"
6674,4862,1369,24,"51","059","422101","51059422101"
6101,4251,1532,22,"51","059","422102","51059422102"
3394,2330,303,3,"51","059","422201","51059422201"
5518,3891,995,14,"51","059","422202","51059422202"
3085,2373,372,12,"51","059","422301","51059422301"
5572,4482,667,22,"51","059","422302","51059422302"
2475,2007,327,17,"51","059","422401","51059422401"
4805,3730,692,17,"51","059","422402","51059422402"
2695,2066,253,1,"51","059","422403","51059422403"
4569,3454,94,5,"51","059","430101","51059430101"
2939,2244,166,7,"51","059","430102","51059430102"
4176,3147,198,7,"51","059","430201","51059430201"
5048,3815,181,6,"51","059","430202","51059430202"
2691,2022,88,9,"51","059","430203","51059430203"
6799,5162,181,5,"51","059","430400","51059430400"
1690,1291,71,5,"51","059","430500","51059430500"
7048,5331,258,11,"51","059","430600","51059430600"
2729,2125,93,3,"51","059","430700","51059430700"
4452,3356,124,11,"51","059","430801","51059430801"
4197,3293,281,18,"51","059","430802","51059430802"
4203,3144,329,6,"51","059","430901","51059430901"
3399,2550,156,3,"51","059","430902","51059430902"
4914,3748,316,6,"51","059","431001","51059431001"
2192,1647,215,5,"51","059","431002","51059431002"
4234,3095,168,8,"51","059","431300","51059431300"
4283,3193,233,17,"51","059","431400","51059431400"
5325,4025,274,2,"51","059","431500","51059431500"
8219,6714,440,6,"51","059","431600","51059431600"
4061,3033,171,6,"51","059","431801","51059431801"
3216,2418,104,8,"51","059","431802","51059431802"
3187,2367,64,1,"51","059","431900","51059431900"
3430,2495,157,8,"51","059","432000","51059432000"
3518,2728,143,8,"51","059","432100","51059432100"
2536,1941,133,5,"51","059","432201","51059432201"
4535,3421,186,10,"51","059","432202","51059432202"
4997,3732,197,5,"51","059","432300","51059432300"
3539,2628,98,2,"51","059","432401","51059432401"
4932,3633,223,11,"51","059","432402","51059432402"
5417,4070,280,7,"51","059","432500","51059432500"
4783,3475,331,5,"51","059","432600","51059432600"
3210,2440,227,5,"51","059","432701","51059432701"
4325,3227,540,13,"51","059","432702","51059432702"
2241,1599,291,15,"51","059","432800","51059432800"
7135,5305,140,7,"51","059","440100","51059440100"
2233,1833,146,6,"51","059","440201","51059440201"
5815,4601,372,29,"51","059","440202","51059440202"
2665,2023,56,0,"51","059","440300","51059440300"
4942,3758,103,3,"51","059","440501","51059440501"
7906,7345,1185,58,"51","059","440502","51059440502"
2846,2133,79,8,"51","059","440600","51059440600"
2901,2133,37,0,"51","059","440701","51059440701"
5151,3897,78,8,"51","059","440702","51059440702"
5874,4434,100,4,"51","059","440800","51059440800"
5442,4399,234,14,"51","059","450100","51059450100"
4608,3339,176,3,"51","059","450200","51059450200"
4806,3743,316,7,"51","059","450300","51059450300"
2631,2060,52,2,"51","059","450400","51059450400"
3016,2345,55,1,"51","059","450500","51059450500"
4023,3180,62,2,"51","059","450601","51059450601"
4639,3748,182,4,"51","059","450602","51059450602"
2779,2208,138,3,"51","059","450701","51059450701"
4399,3390,302,8,"51","059","450702","51059450702"
3321,2703,111,3,"51","059","450800","51059450800"
1688,1290,17,2,"51","059","450900","51059450900"
2711,2150,97,4,"51","059","451000","51059451000"
2307,1804,33,0,"51","059","451100","51059451100"
1699,1306,23,1,"51","059","451200","51059451200"
2397,1875,63,3,"51","059","451300","51059451300"
3218,2594,125,3,"51","059","451400","51059451400"
6037,4723,381,29,"51","059","451501","51059451501"
4288,3410,458,20,"51","059","451502","51059451502"
6047,4519,129,3,"51","059","451601","51059451601"
2803,2170,222,12,"51","059","451602","51059451602"
3395,2673,145,5,"51","059","451800","51059451800"
6215,4816,979,23,"51","059","451900","51059451900"
2831,2258,189,7,"51","059","452000","51059452000"
4864,3774,374,10,"51","059","452101","51059452101"
3149,2530,200,3,"51","059","452102","51059452102"
6767,5065,538,10,"51","059","452200","51059452200"
3659,2917,251,4,"51","059","452301","51059452301"
4882,3676,323,9,"51","059","452302","51059452302"
7093,5363,384,13,"51","059","452400","51059452400"
3873,3036,189,7,"51","059","452501","51059452501"
5130,3759,1118,10,"51","059","452502","51059452502"
6116,4926,1142,10,"51","059","452600","51059452600"
5539,4170,959,11,"51","059","452700","51059452700"
5185,4238,770,8,"51","059","452801","51059452801"
2936,2444,410,11,"51","059","452802","51059452802"
4286,3117,82,1,"51","059","460100","51059460100"
3973,2826,20,3,"51","059","460200","51059460200"
2830,1987,12,1,"51","059","460300","51059460300"
4882,3737,140,7,"51","059","460400","51059460400"
2599,1877,38,1,"51","059","460501","51059460501"
6708,4996,243,8,"51","059","460502","51059460502"
3849,2884,75,3,"51","059","460600","51059460600"
3528,2656,79,8,"51","059","460701","51059460701"
4294,3202,92,5,"51","059","460702","51059460702"
3034,2256,48,0,"51","059","460800","51059460800"
2387,1780,24,1,"51","059","460900","51059460900"
2444,1764,162,7,"51","059","461000","51059461000"
7336,5403,155,6,"51","059","461100","51059461100"
4424,3227,67,1,"51","059","461201","51059461201"
4660,3739,323,12,"51","059","461202","51059461202"
6380,4890,152,7,"51","059","461500","51059461500"
6237,5038,256,8,"51","059","461601","51059461601"
3916,3342,174,5,"51","059","461602","51059461602"
6594,5286,316,6,"51","059","461700","51059461700"
1370,1078,73,7,"51","059","461801","51059461801"
5167,4146,213,9,"51","059","461802","51059461802"
3708,2884,324,7,"51","059","461901","51059461901"
1775,1340,144,9,"51","059","461902","51059461902"
2732,2011,31,2,"51","059","470100","51059470100"
3253,2358,43,6,"51","059","470300","51059470300"
4843,3503,85,8,"51","059","470400","51059470400"
5403,3995,57,11,"51","059","470500","51059470500"
2676,2074,40,0,"51","059","470600","51059470600"
5392,3874,59,6,"51","059","470700","51059470700"
2988,2193,40,1,"51","059","470800","51059470800"
7263,5330,67,13,"51","059","470900","51059470900"
2106,1641,27,3,"51","059","471000","51059471000"
6477,5114,173,15,"51","059","471100","51059471100"
3164,2621,197,18,"51","059","471201","51059471201"
4593,3804,197,7,"51","059","471202","51059471202"
3985,3189,164,8,"51","059","471301","51059471301"
3887,3230,114,7,"51","059","471303","51059471303"
1803,1355,22,2,"51","059","471304","51059471304"
3647,2822,118,7,"51","059","471401","51059471401"
3495,2667,332,1,"51","059","471402","51059471402"
4239,3155,56,4,"51","059","480100","51059480100"
4592,3272,57,4,"51","059","480201","51059480201"
2971,2655,127,11,"51","059","480202","51059480202"
2054,1722,36,6,"51","059","480203","51059480203"
7105,5126,122,2,"51","059","480300","51059480300"
4526,3086,64,3,"51","059","480401","51059480401"
5936,4161,115,5,"51","059","480402","51059480402"
3604,2490,115,4,"51","059","480501","51059480501"
5784,4261,195,3,"51","059","480502","51059480502"
3401,2496,138,8,"51","059","480503","51059480503"
2047,1543,66,6,"51","059","480504","51059480504"
3136,2486,154,8,"51","059","480505","51059480505"
5051,3686,288,6,"51","059","480801","51059480801"
3685,2780,206,3,"51","059","480802","51059480802"
6641,4886,501,8,"51","059","480901","51059480901"
3578,2724,385,5,"51","059","480902","51059480902"
4337,3374,259,8,"51","059","480903","51059480903"
5843,4355,519,12,"51","059","481000","51059481000"
1961,1703,159,8,"51","059","481101","51059481101"
3064,2394,270,13,"51","059","481102","51059481102"
3324,2376,390,7,"51","059","481103","51059481103"
2567,2002,211,10,"51","059","481104","51059481104"
5539,3797,138,11,"51","059","481105","51059481105"
5355,3752,159,9,"51","059","481106","51059481106"
1220,890,90,0,"51","059","481201","51059481201"
6438,4521,735,18,"51","059","481202","51059481202"
6298,5018,364,20,"51","059","481400","51059481400"
2289,1751,58,1,"51","059","481500","51059481500"
3392,2426,33,3,"51","059","481600","51059481600"
6078,4319,66,1,"51","059","481701","51059481701"
4136,3334,190,4,"51","059","481702","51059481702"
5567,4116,428,20,"51","059","481900","51059481900"
4801,3429,140,14,"51","059","482001","51059482001"
3587,2977,150,6,"51","059","482002","51059482002"
3240,2631,261,8,"51","059","482100","51059482100"
2114,1600,236,7,"51","059","482201","51059482201"
3500,3060,239,4,"51","059","482202","51059482202"
3960,3562,224,6,"51","059","482203","51059482203"
4609,3896,244,13,"51","059","482301","51059482301"
4585,3452,513,19,"51","059","482302","51059482302"
3430,2896,147,8,"51","059","482303","51059482303"
2378,1681,41,2,"51","059","482400","51059482400"
7560,5629,954,26,"51","059","482501","51059482501"
3078,2184,73,2,"51","059","482502","51059482502"
4947,3402,111,6,"51","059","482503","51059482503"
5416,3700,120,4,"51","059","482504","51059482504"
7229,5193,257,5,"51","059","482601","51059482601"
6971,4888,247,10,"51","059","482602","51059482602"
5250,3868,259,14,"51","059","490101","51059490101"
5511,4030,182,17,"51","059","490103","51059490103"
3281,2520,196,21,"51","059","490501","51059490501"
6312,4710,168,4,"51","059","490502","51059490502"
1914,1354,49,2,"51","059","491000","51059491000"
3847,2661,115,8,"51","059","491101","51059491101"
3507,2571,93,8,"51","059","491102","51059491102"
6424,4627,439,20,"51","059","491103","51059491103"
6213,4606,397,24,"51","059","491201","51059491201"
1549,1309,108,6,"51","059","491202","51059491202"
6677,4624,491,26,"51","059","491301","51059491301"
3359,2581,228,8,"51","059","491302","51059491302"
3838,3001,343,10,"51","059","491303","51059491303"
4863,3668,249,16,"51","059","491401","51059491401"
4116,3007,254,10,"51","059","491402","51059491402"
3689,2603,92,11,"51","059","491403","51059491403"
3960,2874,253,3,"51","059","491404","51059491404"
2790,1955,50,1,"51","059","491405","51059491405"
7015,5145,264,24,"51","059","491501","51059491501"
7079,4889,196,9,"51","059","491502","51059491502"
4942,3527,389,11,"51","059","491601","51059491601"
5210,3895,215,12,"51","059","491602","51059491602"
3588,3036,213,8,"51","059","491701","51059491701"
6967,5825,616,39,"51","059","491702","51059491702"
4548,3841,443,13,"51","059","491703","51059491703"
4969,3952,330,10,"51","059","491704","51059491704"
3327,2206,134,4,"51","059","491705","51059491705"
2349,1949,177,13,"51","059","491801","51059491801"
2861,2206,138,3,"51","059","491802","51059491802"
6798,5300,309,13,"51","059","491803","51059491803"
6449,4857,191,6,"51","059","492000","51059492000"
6313,4893,128,6,"51","059","492100","51059492100"
2761,2149,96,3,"51","059","492201","51059492201"
6844,4915,286,8,"51","059","492202","51059492202"
4065,2860,150,4,"51","059","492203","51059492203"
3330,2415,221,5,"51","059","492300","51059492300"
4603,3442,467,11,"51","059","492400","51059492400"
4064,3055,57,3,"51","059","492500","51059492500"
10,4,0,0,"51","059","980100","51059980100"
0,0,0,0,"51","059","980200","51059980200"
4,4,0,0,"51","059","980300","51059980300"
5551,4333,315,17,"51","061","930100","51061930100"
2702,2196,177,4,"51","061","930203","51061930203"
3367,2624,125,3,"51","061","930204","51061930204"
1678,1320,128,2,"51","061","930205","51061930205"
2133,1691,101,3,"51","061","930206","51061930206"
1660,1192,126,2,"51","061","930207","51061930207"
7449,5615,660,11,"51","061","930302","51061930302"
3613,2830,213,6,"51","061","930303","51061930303"
2221,1723,33,2,"51","061","930304","51061930304"
4567,3249,162,14,"51","061","930401","51061930401"
5714,4116,230,10,"51","061","930402","51061930402"
6715,4848,519,18,"51","061","930403","51061930403"
2521,1922,96,2,"51","061","930703","51061930703"
3799,2909,263,4,"51","061","930704","51061930704"
3652,2597,316,12,"51","061","930705","51061930705"
5602,3893,450,14,"51","061","930706","51061930706"
2259,1700,139,8,"51","061","930707","51061930707"
6177,4781,120,2,"51","063","920101","51063920101"
3753,2964,100,2,"51","063","920102","51063920102"
5349,4187,19,0,"51","063","920200","51063920200"
5571,4566,1028,4,"51","065","020101","51065020101"
9341,7003,372,19,"51","065","020102","51065020102"
5468,4233,1217,14,"51","065","020200","51065020200"
5311,3971,497,7,"51","065","020300","51065020300"
5194,4464,54,0,"51","067","020101","51067020101"
2508,2088,108,0,"51","067","020102","51067020102"
5529,4219,303,7,"51","067","020200","51067020200"
6127,4942,166,7,"51","067","020300","51067020300"
5448,4288,138,4,"51","067","020400","51067020400"
8135,6299,230,8,"51","067","020500","51067020500"
3774,3128,378,0,"51","067","020600","51067020600"
5914,4572,255,2,"51","067","020700","51067020700"
6566,5146,1027,15,"51","067","020800","51067020800"
6964,5336,1003,4,"51","067","020900","51067020900"
4089,3202,52,2,"51","069","050100","51069050100"
3880,3036,48,8,"51","069","050200","51069050200"
5999,4493,55,9,"51","069","050300","51069050300"
6748,5125,68,5,"51","069","050400","51069050400"
4959,3893,53,4,"51","069","050500","51069050500"
4439,3358,113,7,"51","069","050600","51069050600"
2740,2068,70,4,"51","069","050700","51069050700"
3886,2948,88,8,"51","069","050801","51069050801"
7274,5271,241,14,"51","069","050802","51069050802"
6921,4914,231,20,"51","069","050803","51069050803"
4357,3353,158,13,"51","069","050900","51069050900"
9391,6989,412,24,"51","069","051000","51069051000"
7105,4865,258,10,"51","069","051101","51069051101"
6517,5115,375,20,"51","069","051102","51069051102"
3663,2944,1482,4,"51","025","930100","51025930100"
2321,1848,1300,3,"51","025","930201","51025930201"
1715,1715,1260,0,"51","025","930202","51025930202"
4378,3255,2060,9,"51","025","930203","51025930203"
5357,4305,1765,4,"51","025","930300","51025930300"
5163,4022,29,2,"51","027","010100","51027010100"
3137,2534,4,0,"51","027","010200","51027010200"
3286,2645,2,1,"51","027","010300","51027010300"
2344,1921,11,1,"51","027","010400","51027010400"
1516,1241,0,0,"51","027","010500","51027010500"
4623,3939,485,1,"51","027","010600","51027010600"
4029,3283,1,1,"51","027","010700","51027010700"
3498,2794,100,1,"51","023","040100","51023040100"
4294,3392,74,8,"51","023","040200","51023040200"
2954,2374,128,3,"51","023","040301","51023040301"
7567,5807,98,1,"51","023","040302","51023040302"
2201,1743,34,0,"51","023","040401","51023040401"
4898,3741,200,5,"51","023","040402","51023040402"
6330,4779,100,3,"51","023","040501","51023040501"
1406,1084,52,0,"51","023","040502","51023040502"
2941,2487,17,2,"51","001","090100","51001090100"
6156,4922,1449,9,"51","001","090200","51001090200"
2335,1814,321,3,"51","001","090300","51001090300"
6234,4704,1811,11,"51","001","090400","51001090400"
2849,2164,589,8,"51","001","090500","51001090500"
4401,3661,599,2,"51","001","090600","51001090600"
4907,3871,1282,1,"51","001","090700","51001090700"
3336,2612,1028,3,"51","001","090800","51001090800"
0,0,0,0,"51","001","980100","51001980100"
5,4,0,0,"51","001","980200","51001980200"
0,0,0,0,"51","001","990100","51001990100"
0,0,0,0,"51","001","990200","51001990200"
5190,4083,96,6,"51","003","010100","51003010100"
4664,3457,302,6,"51","003","010201","51003010201"
3077,2404,51,5,"51","003","010202","51003010202"
8098,5732,319,17,"51","003","010300","51003010300"
4331,3410,391,9,"51","003","010401","51003010401"
3314,2562,142,4,"51","003","010402","51003010402"
4543,3669,332,7,"51","003","010500","51003010500"
5817,4518,548,26,"51","003","010601","51003010601"
2697,2134,169,5,"51","003","010602","51003010602"
6145,4875,1169,21,"51","003","010700","51003010700"
5325,4260,718,24,"51","003","010800","51003010800"
1900,1790,88,7,"51","003","010901","51003010901"
3191,3056,305,17,"51","003","010902","51003010902"
2613,2596,171,16,"51","003","010903","51003010903"
6292,4698,123,5,"51","003","011000","51003011000"
7024,5015,228,6,"51","003","011100","51003011100"
4092,3154,164,4,"51","003","011201","51003011201"
3413,2564,209,3,"51","003","011202","51003011202"
5390,4173,285,8,"51","003","011301","51003011301"
3765,3075,480,21,"51","003","011302","51003011302"
3738,3067,504,9,"51","003","011303","51003011303"
4351,3393,621,5,"51","003","011400","51003011400"
3959,3106,314,14,"51","005","070100","51005070100"
3362,2658,114,5,"51","005","080100","51005080100"
2842,2248,90,2,"51","005","080201","51005080201"
2629,2057,27,2,"51","005","080202","51005080202"
1905,1455,9,0,"51","005","080301","51005080301"
1553,1276,30,2,"51","005","080302","51005080302"
6913,5292,1196,6,"51","007","930100","51007930100"
5777,4576,1118,6,"51","007","930200","51007930200"
5288,4149,679,6,"51","009","010100","51009010100"
7238,5855,1221,13,"51","009","010200","51009010200"
3477,2762,257,2,"51","009","010300","51009010300"
3375,2514,450,12,"51","009","010401","51009010401"
3033,2359,375,5,"51","009","010402","51009010402"
823,722,140,1,"51","009","010502","51009010502"
2323,1782,292,3,"51","009","010503","51009010503"
4038,3123,642,7,"51","009","010504","51009010504"
2758,2147,776,10,"51","009","010600","51009010600"
6450,4976,842,10,"51","011","040100","51011040100"
4202,3281,718,11,"51","011","040200","51011040200"
4321,3391,674,10,"51","011","040300","51011040300"
4672,3378,53,5,"51","013","100100","51013100100"
6019,4300,56,3,"51","013","100200","51013100200"
6213,4688,203,15,"51","013","100300","51013100300"
3502,2598,33,1,"51","013","100400","51013100400"
4305,3189,63,6,"51","013","100500","51013100500"
3076,2541,162,11,"51","013","100600","51013100600"
5149,4107,222,8,"51","013","100700","51013100700"
1525,1201,420,3,"51","013","100800","51013100800"
4092,3168,146,3,"51","013","100900","51013100900"
3078,2246,69,3,"51","013","101000","51013101000"
5159,3995,67,4,"51","013","101100","51013101100"
3537,2655,89,6,"51","013","101200","51013101200"
6091,4798,106,5,"51","013","101300","51013101300"
1225,1159,25,4,"51","013","101401","51013101401"
2712,2536,45,11,"51","013","101402","51013101402"
5609,5408,171,10,"51","013","101403","51013101403"
4255,4054,140,16,"51","013","101404","51013101404"
7101,6164,179,18,"51","013","101500","51013101500"
1313,1203,39,0,"51","013","101601","51013101601"
1580,1474,107,7,"51","013","101602","51013101602"
3526,3351,144,8,"51","013","101603","51013101603"
4166,3927,483,19,"51","013","101701","51013101701"
4965,4602,196,16,"51","013","101702","51013101702"
2324,2173,108,8,"51","013","101703","51013101703"
2662,2473,42,4,"51","013","101801","51013101801"
6072,5515,242,21,"51","013","101802","51013101802"
3882,3392,147,6,"51","013","101803","51013101803"
2755,2263,50,2,"51","013","101900","51013101900"
2248,1952,133,9,"51","013","102001","51013102001"
1334,1151,131,3,"51","013","102002","51013102002"
4370,3711,454,9,"51","013","102003","51013102003"
2266,1860,112,8,"51","013","102100","51013102100"
7575,5600,852,27,"51","013","102200","51013102200"
1464,1169,59,5,"51","013","102301","51013102301"
3913,3126,179,8,"51","013","102302","51013102302"
3519,2952,310,9,"51","013","102400","51013102400"
4173,3528,538,18,"51","013","102500","51013102500"
3179,2515,307,5,"51","013","102600","51013102600"
3383,2623,696,23,"51","013","102701","51013102701"
1764,1435,148,13,"51","013","102702","51013102702"
6390,5314,915,15,"51","013","102801","51013102801"
1234,981,62,3,"51","013","102802","51013102802"
2740,2457,99,10,"51","013","102901","51013102901"
4461,3926,364,13,"51","013","102902","51013102902"
3093,2648,56,6,"51","013","103000","51013103000"
5198,4166,1607,23,"51","013","103100","51013103100"
5306,4603,672,24,"51","013","103200","51013103200"
2237,1910,667,7,"51","013","103300","51013103300"
646,598,47,6,"51","013","103401","51013103401"
5231,4956,498,17,"51","013","103402","51013103402"
3456,3345,180,9,"51","013","103501","51013103501"
3350,3141,401,13,"51","013","103502","51013103502"
4109,3837,410,14,"51","013","103503","51013103503"
2458,2083,45,2,"51","013","103601","51013103601"
1210,1173,58,2,"51","013","103602","51013103602"
2416,1967,48,1,"51","013","103700","51013103700"
4333,3710,639,20,"51","013","103800","51013103800"
2,2,0,0,"51","013","980100","51013980100"
4,4,0,0,"51","013","980200","51013980200"
4731,3927,192,6,"51","017","920100","51017920100"
3901,3235,205,8,"51","021","040100","51021040100"
2923,2369,9,1,"51","021","040200","51021040200"
3968,3350,684,0,"51","015","070100","51015070100"
3754,2848,32,1,"51","015","070200","51015070200"
6088,4542,50,2,"51","015","070300","51015070300"
5307,4106,72,6,"51","015","070400","51015070400"
5240,4224,116,4,"51","015","070500","51015070500"
9218,7228,398,11,"51","015","070600","51015070600"
6689,5436,331,8,"51","015","070700","51015070700"
6266,4985,115,5,"51","015","070800","51015070800"
4936,3967,139,4,"51","015","070900","51015070900"
5939,4724,156,3,"51","015","071000","51015071000"
4630,3478,182,10,"51","015","071101","51015071101"
5735,4426,85,3,"51","015","071102","51015071102"
5980,4681,154,10,"51","015","071200","51015071200"
6639,4898,283,6,"51","019","030101","51019030101"
5219,3955,255,8,"51","019","030103","51019030103"
4374,3396,288,6,"51","019","030104","51019030104"
8061,5778,303,1,"51","019","030201","51019030201"
5592,4335,393,7,"51","019","030202","51019030202"
3739,3013,305,0,"51","019","030300","51019030300"
2905,2385,147,0,"51","019","030401","51019030401"
6790,5304,564,6,"51","019","030402","51019030402"
4075,3115,232,3,"51","019","030501","51019030501"
2410,2131,12,3,"51","019","030503","51019030503"
3018,2443,143,1,"51","019","030504","51019030504"
3502,2762,91,7,"51","019","030601","51019030601"
3668,2936,32,1,"51","019","030602","51019030602"
2685,2136,19,1,"51","019","030603","51019030603"
2688,2124,14,0,"51","019","030604","51019030604"
3311,2660,52,1,"51","019","030605","51019030605"
8318,6236,364,13,"51","043","010100","51043010100"
3055,2449,233,1,"51","043","010200","51043010200"
2661,2128,16,6,"51","043","010300","51043010300"
3945,3049,917,16,"51","029","930101","51029930101"
3077,2453,1048,5,"51","029","930102","51029930102"
5669,4842,2121,7,"51","029","930201","51029930201"
4455,3505,852,7,"51","029","930202","51029930202"
5864,4663,797,11,"51","031","020101","51031020101"
4727,3677,518,7,"51","031","020102","51031020102"
4979,3834,346,13,"51","031","020200","51031020200"
3857,3088,194,0,"51","031","020300","51031020300"
5304,4212,417,8,"51","031","020401","51031020401"
2915,2247,111,5,"51","031","020402","51031020402"
5425,4097,403,5,"51","031","020403","51031020403"
7163,5551,748,2,"51","031","020500","51031020500"
3913,3116,492,6,"51","031","020600","51031020600"
3452,2716,659,2,"51","031","020700","51031020700"
3413,2635,561,7,"51","031","020800","51031020800"
3830,2962,793,5,"51","031","020900","51031020900"
2726,2215,919,7,"51","036","600100","51036600100"
2338,1924,1003,11,"51","036","600200","51036600200"
2192,1816,968,1,"51","036","600300","51036600300"
3966,3106,839,12,"51","033","030100","51033030100"
2565,1889,662,4,"51","033","030201","51033030201"
1915,1510,405,6,"51","033","030202","51033030202"
3170,2471,683,9,"51","033","030300","51033030300"
1899,1485,403,10,"51","033","030400","51033030400"
11752,8627,2308,34,"51","033","030500","51033030500"
3278,2613,1174,5,"51","033","030600","51033030600"
3695,2919,7,0,"51","035","080100","51035080100"
4962,3924,18,3,"51","035","080200","51035080200"
4925,3839,28,3,"51","035","080300","51035080300"
5322,4236,42,3,"51","035","080400","51035080400"
4767,3878,7,2,"51","035","080500","51035080500"
2017,1593,2,1,"51","035","080601","51035080601"
4354,3435,30,4,"51","035","080602","51035080602"
6032,4546,1319,6,"51","037","930100","51037930100"
2888,2273,623,3,"51","037","930200","51037930200"
3666,2866,859,8,"51","037","930300","51037930300"
3010,2225,106,2,"51","041","100106","51041100106"
2240,1701,607,13,"51","041","100107","51041100107"
7278,5218,2691,27,"51","041","100205","51041100205"
6231,4639,1730,36,"51","041","100206","51041100206"
2584,2107,281,4,"51","041","100208","51041100208"
6269,4788,1303,14,"51","041","100209","51041100209"
1637,1165,440,1,"51","041","100210","51041100210"
2457,1840,500,5,"51","041","100300","51041100300"
5509,4192,548,18,"51","041","100403","51041100403"
2384,1788,463,15,"51","041","100404","51041100404"
2352,1674,253,9,"51","041","100405","51041100405"
1272,898,474,5,"51","041","100406","51041100406"
3299,2453,444,6,"51","041","100407","51041100407"
6369,4754,502,13,"51","041","100409","51041100409"
2188,1709,398,10,"51","041","100410","51041100410"
5040,3874,722,9,"51","041","100505","51041100505"
6599,4391,1051,16,"51","041","100506","51041100506"
5834,4242,1026,17,"51","041","100507","51041100507"
5041,3507,1141,13,"51","041","100508","51041100508"
6578,4646,1203,14,"51","041","100509","51041100509"
3242,2478,345,8,"51","041","100510","51041100510"
3893,3493,3109,44,"51","041","100600","51041100600"
5674,4382,2301,24,"51","041","100701","51041100701"
2011,1511,640,6,"51","041","100702","51041100702"
7369,5578,1010,6,"51","041","100703","51041100703"
4498,3510,1303,10,"51","041","100804","51041100804"
5053,3730,1555,17,"51","041","100805","51041100805"
3909,2761,1386,9,"51","041","100806","51041100806"
1510,1200,346,3,"51","041","100807","51041100807"
5807,4381,902,9,"51","041","100812","51041100812"
3524,2570,834,15,"51","041","100814","51041100814"
3970,3017,676,14,"51","041","100815","51041100815"
4636,3388,585,15,"51","041","100816","51041100816"
3530,2799,736,4,"51","041","100817","51041100817"
3770,2706,979,12,"51","041","100818","51041100818"
6273,4577,2488,28,"51","041","100819","51041100819"
2580,1842,801,3,"51","041","100820","51041100820"
4673,3835,423,4,"51","041","100821","51041100821"
5084,3800,663,20,"51","041","100822","51041100822"
5075,3899,816,10,"51","041","100823","51041100823"
3804,2963,105,3,"51","041","100902","51041100902"
2694,2033,245,4,"51","041","100907","51041100907"
5351,4036,906,15,"51","041","100910","51041100910"
6268,4692,398,5,"51","041","100912","51041100912"
4084,3248,481,12,"51","041","100915","51041100915"
6332,4768,885,16,"51","041","100919","51041100919"
813,656,80,2,"51","041","100920","51041100920"
6365,4880,614,15,"51","041","100921","51041100921"
5164,3925,911,10,"51","041","100922","51041100922"
2782,2164,566,8,"51","041","100923","51041100923"
4354,3049,115,4,"51","041","100924","51041100924"
6063,4379,191,6,"51","041","100926","51041100926"
7324,5230,473,13,"51","041","100927","51041100927"
5077,3724,407,9,"51","041","100928","51041100928"
6206,4444,299,9,"51","041","100929","51041100929"
3508,2462,120,4,"51","041","100930","51041100930"
5383,4148,174,6,"51","041","100931","51041100931"
3508,2466,225,5,"51","041","100932","51041100932"
2720,2051,466,9,"51","041","100933","51041100933"
6316,4424,870,18,"51","041","100934","51041100934"
3720,2668,51,0,"51","041","100935","51041100935"
3873,2839,68,6,"51","041","100936","51041100936"
4515,2992,179,4,"51","041","101003","51041101003"
4727,3486,286,8,"51","041","101004","51041101004"
6264,4722,308,1,"51","041","101007","51041101007"
4146,2783,222,2,"51","041","101008","51041101008"
5841,3597,401,10,"51","041","101009","51041101009"
7077,5239,705,8,"51","041","101010","51041101010"
3200,2239,288,2,"51","041","101011","51041101011"
5216,3811,545,16,"51","041","101012","51041101012"
3289,2335,248,2,"51","041","101013","51041101013"
3865,3015,1283,7,"51","057","950600","51057950600"
4161,3213,1307,5,"51","057","950700","51057950700"
3125,2472,584,5,"51","057","950800","51057950800"
5190,4079,2,1,"51","045","050100","51045050100"
4043,2998,310,6,"51","047","930101","51047930101"
8301,6140,443,9,"51","047","930102","51047930102"
7174,5048,941,13,"51","047","930201","51047930201"
5820,4401,443,9,"51","047","930202","51047930202"
6532,4603,1099,26,"51","047","930300","51047930300"
4787,3559,535,6,"51","047","930400","51047930400"
5227,4328,1118,2,"51","047","930501","51047930501"
4805,3527,709,14,"51","047","930502","51047930502"
6516,5013,1519,7,"51","049","930100","51049930100"
3536,2752,971,11,"51","049","930200","51049930200"
4459,3510,10,0,"51","051","040100","51051040100"
2895,2291,7,0,"51","051","040200","51051040200"
5393,4328,12,1,"51","051","040300","51051040300"
3156,2451,6,0,"51","051","040400","51051040400"
5720,4480,1417,3,"51","053","840100","51053840100"
4309,3379,537,5,"51","053","840200","51053840200"
6476,4679,2025,10,"51","053","840300","51053840300"
1079,980,415,0,"51","053","840400","51053840400"
3578,2765,918,6,"51","053","840500","51053840500"
6839,5339,1759,11,"51","053","840600","51053840600"
0,0,0,0,"51","053","980100","51053980100"
2176,1754,9,2,"51","071","930100","51071930100"
3856,3053,91,3,"51","071","930200","51071930200"
5568,4367,32,2,"51","071","930300","51071930300"
5686,4367,64,5,"51","071","930400","51071930400"
7565,5842,584,12,"51","073","100100","51073100100"
5809,4339,526,9,"51","073","100201","51073100201"
3658,2780,294,11,"51","073","100202","51073100202"
4095,3376,329,2,"51","073","100203","51073100203"
5546,4435,337,5,"51","073","100301","51073100301"
4984,3733,316,13,"51","073","100302","51073100302"
1344,1111,81,1,"51","073","100400","51073100400"
3857,3102,94,4,"51","073","100500","51073100500"
6367,4835,538,3,"51","085","320100","51085320100"
5891,4429,659,10,"51","085","320200","51085320200"
4061,3113,275,6,"51","085","320300","51085320300"
4428,3482,284,6,"51","085","320400","51085320400"
3001,2428,142,5,"51","085","320500","51085320500"
4243,3593,842,25,"51","085","320601","51085320601"
3098,2385,410,10,"51","085","320602","51085320602"
2834,2242,174,1,"51","085","320701","51085320701"
2999,2332,403,4,"51","085","320702","51085320702"
2577,1874,239,2,"51","085","320801","51085320801"
5281,3462,173,7,"51","085","320803","51085320803"
5058,3395,176,4,"51","085","320804","51085320804"
2938,2074,129,7,"51","085","320805","51085320805"
7561,5715,388,5,"51","085","320900","51085320900"
3461,2749,139,4,"51","085","321001","51085321001"
7520,5339,457,2,"51","085","321002","51085321002"
5504,4206,211,1,"51","085","321100","51085321100"
4555,3442,174,6,"51","085","321201","51085321201"
3915,2772,474,7,"51","085","321202","51085321202"
6336,4629,458,8,"51","085","321300","51085321300"
2103,1629,80,0,"51","085","321401","51085321401"
3270,2592,102,0,"51","085","321402","51085321402"
2862,2148,129,2,"51","085","321403","51085321403"
3095,2506,35,3,"51","077","060101","51077060101"
4157,3273,72,3,"51","077","060102","51077060102"
3004,2431,59,2,"51","077","060201","51077060201"
3158,2650,76,1,"51","077","060202","51077060202"
2119,1723,4,0,"51","077","060300","51077060300"
6228,4996,299,3,"51","075","400100","51075400100"
4264,3359,594,3,"51","075","400200","51075400200"
1406,1381,797,0,"51","075","400300","51075400300"
5556,4245,1039,10,"51","075","400400","51075400400"
4263,3336,779,2,"51","075","400500","51075400500"
3865,3062,258,16,"51","079","030101","51079030101"
5393,4062,142,6,"51","079","030102","51079030102"
9145,6688,449,13,"51","079","030200","51079030200"
4320,3403,1722,5,"51","081","880101","51081880101"
3276,3272,2268,0,"51","081","880102","51081880102"
4647,3562,2056,6,"51","081","880200","51081880200"
2969,2335,924,4,"51","083","930100","51083930100"
5164,4020,1455,5,"51","083","930201","51083930201"
2516,1986,990,3,"51","083","930202","51083930202"
2576,2025,711,2,"51","083","930301","51083930301"
4637,3580,1074,2,"51","083","930302","51083930302"
3796,3022,489,6,"51","083","930400","51083930400"
4099,3171,695,5,"51","083","930500","51083930500"
6193,4957,2372,5,"51","083","930600","51083930600"
4291,3162,1397,2,"51","083","930800","51083930800"
4194,3186,674,4,"51","101","950101","51101950101"
5985,4453,641,9,"51","101","950102","51101950102"
2341,1810,512,3,"51","101","950200","51101950200"
3415,2551,397,3,"51","101","950300","51101950300"
5186,4166,349,9,"51","087","200104","51087200104"
6130,4699,690,17,"51","087","200105","51087200105"
4516,3506,401,8,"51","087","200106","51087200106"
7854,5879,708,16,"51","087","200107","51087200107"
2688,1944,11,0,"51","087","200108","51087200108"
3636,2595,27,0,"51","087","200109","51087200109"
5181,4161,325,6,"51","087","200112","51087200112"
5689,4557,312,8,"51","087","200116","51087200116"
9108,6621,752,15,"51","087","200119","51087200119"
7805,5708,331,14,"51","087","200120","51087200120"
6839,4897,259,10,"51","087","200121","51087200121"
4379,3084,101,3,"51","087","200122","51087200122"
3032,2316,504,10,"51","087","200123","51087200123"
4457,3644,242,2,"51","087","200124","51087200124"
3897,3027,703,19,"51","087","200125","51087200125"
3627,3128,595,13,"51","087","200126","51087200126"
5419,4316,199,6,"51","087","200127","51087200127"
4531,3340,294,8,"51","087","200128","51087200128"
11764,7408,394,11,"51","087","200129","51087200129"
7140,4755,171,9,"51","087","200130","51087200130"
2645,2030,92,1,"51","087","200201","51087200201"
3914,2825,16,0,"51","087","200202","51087200202"
1250,1117,84,1,"51","087","200301","51087200301"
3115,2534,84,7,"51","087","200302","51087200302"
3639,2938,289,14,"51","087","200303","51087200303"
4136,3275,350,5,"51","087","200305","51087200305"
2959,2335,463,14,"51","087","200404","51087200404"
8986,7049,1041,16,"51","087","200406","51087200406"
4791,3745,573,19,"51","087","200407","51087200407"
2397,1946,767,3,"51","087","200409","51087200409"
4713,3745,1398,15,"51","087","200410","51087200410"
5435,4170,1442,15,"51","087","200411","51087200411"
2130,1645,583,6,"51","087","200412","51087200412"
4566,3589,306,4,"51","087","200413","51087200413"
5815,4163,512,11,"51","087","200414","51087200414"
2154,1686,255,5,"51","087","200501","51087200501"
2061,1656,129,4,"51","087","200502","51087200502"
3769,3024,459,7,"51","087","200503","51087200503"
4839,3899,515,11,"51","087","200600","51087200600"
3586,3012,597,6,"51","087","200700","51087200700"
3167,2583,752,13,"51","087","200801","51087200801"
1924,1574,475,4,"51","087","200802","51087200802"
5759,4228,3423,20,"51","087","200804","51087200804"
4091,2608,2291,8,"51","087","200805","51087200805"
6706,5000,1513,12,"51","087","200903","51087200903"
6057,5045,2574,17,"51","087","200904","51087200904"
5046,3718,1863,15,"51","087","200905","51087200905"
4300,3310,708,12,"51","087","200906","51087200906"
5847,4473,3520,16,"51","087","201001","51087201001"
2929,2137,1639,8,"51","087","201002","51087201002"
6020,4630,4273,13,"51","087","201003","51087201003"
6920,5264,4070,29,"51","087","201101","51087201101"
4277,3187,1997,10,"51","087","201102","51087201102"
6503,5018,2403,13,"51","087","201201","51087201201"
6091,4305,3024,14,"51","087","201202","51087201202"
4942,3827,2365,14,"51","087","201401","51087201401"
5816,4384,2078,5,"51","087","201403","51087201403"
4288,3337,444,3,"51","087","201404","51087201404"
9872,6881,5196,20,"51","087","201501","51087201501"
4725,3669,1303,10,"51","087","201502","51087201502"
3151,2494,528,5,"51","087","201601","51087201601"
4916,3898,1446,8,"51","087","201602","51087201602"
3810,2859,425,6,"51","087","201701","51087201701"
0,0,0,0,"51","087","980100","51087980100"
3965,3036,383,15,"51","089","010100","51089010100"
5112,4036,751,8,"51","089","010200","51089010200"
5643,4571,1552,14,"51","089","010300","51089010300"
3875,3003,1110,6,"51","089","010400","51089010400"
4114,3278,788,8,"51","089","010500","51089010500"
2799,2214,403,4,"51","089","010601","51089010601"
4025,3201,502,5,"51","089","010602","51089010602"
3519,2857,773,3,"51","089","010700","51089010700"
2564,2099,970,5,"51","089","010800","51089010800"
2755,2230,473,2,"51","089","010900","51089010900"
5147,4098,738,11,"51","089","011000","51089011000"
2696,2143,166,3,"51","089","011100","51089011100"
3768,2893,186,12,"51","089","011200","51089011200"
4169,3384,557,8,"51","089","011300","51089011300"
2321,1975,4,0,"51","091","970100","51091970100"
4007,3108,1097,3,"51","093","280101","51093280101"
6690,5166,905,8,"51","093","280103","51093280103"
4454,3456,380,1,"51","093","280104","51093280104"
4036,3042,1345,11,"51","093","280105","51093280105"
2763,2040,423,5,"51","093","280106","51093280106"
3791,3004,876,2,"51","093","280200","51093280200"
5490,4244,844,7,"51","093","280300","51093280300"
4039,3179,725,4,"51","093","280400","51093280400"
5563,4671,381,10,"51","095","080101","51095080101"
4014,2992,1206,18,"51","095","080102","51095080102"
5426,4329,355,14,"51","095","080202","51095080202"
3510,2923,169,1,"51","095","080203","51095080203"
3040,2463,656,12,"51","095","080205","51095080205"
9721,7879,495,17,"51","095","080206","51095080206"
8863,6702,1548,17,"51","095","080301","51095080301"
7645,5773,342,9,"51","095","080303","51095080303"
5657,4478,122,2,"51","095","080304","51095080304"
6825,5144,576,6,"51","095","080401","51095080401"
6745,5270,828,17,"51","095","080402","51095080402"
3881,3066,1022,13,"51","097","950400","51097950400"
3064,2437,557,5,"51","097","950500","51097950500"
4977,3628,802,12,"51","099","040100","51099040100"
4130,3039,486,1,"51","099","040200","51099040200"
7589,5366,740,17,"51","099","040300","51099040300"
3942,2802,600,8,"51","099","040400","51099040400"
2946,2209,392,5,"51","099","040500","51099040500"
7333,5677,643,18,"51","113","930100","51113930100"
5975,4661,407,10,"51","113","930200","51113930200"
3500,2898,833,2,"51","103","030100","51103030100"
4098,3420,1133,5,"51","103","030200","51103030200"
3793,3242,431,1,"51","103","030300","51103030300"
0,0,0,0,"51","103","990100","51103990100"
3438,2646,7,1,"51","105","950100","51105950100"
4214,3334,11,0,"51","105","950200","51105950200"
5532,4719,885,7,"51","105","950300","51105950300"
3309,2521,4,2,"51","105","950400","51105950400"
4914,3865,6,2,"51","105","950500","51105950500"
4180,3325,3,0,"51","105","950600","51105950600"
3843,2778,60,4,"51","107","610101","51107610101"
3740,2669,79,5,"51","107","610102","51107610102"
4268,3038,84,5,"51","107","610201","51107610201"
4276,2812,79,2,"51","107","610202","51107610202"
6642,4627,140,4,"51","107","610300","51107610300"
4447,3269,167,3,"51","107","610400","51107610400"
7104,4523,435,8,"51","107","610503","51107610503"
6850,4879,460,22,"51","107","610504","51107610504"
5887,4126,572,22,"51","107","610505","51107610505"
4581,3051,430,14,"51","107","610506","51107610506"
6305,4330,295,12,"51","107","610507","51107610507"
6930,4877,340,8,"51","107","610601","51107610601"
2161,1354,85,0,"51","107","610602","51107610602"
2700,2131,243,12,"51","107","610603","51107610603"
6547,4367,390,19,"51","107","610604","51107610604"
4662,2990,83,10,"51","107","610701","51107610701"
5705,3924,276,14,"51","107","610702","51107610702"
4748,3439,139,6,"51","107","610703","51107610703"
5940,4483,250,10,"51","107","610800","51107610800"
2292,1852,246,4,"51","107","610900","51107610900"
3869,3029,361,15,"51","107","611002","51107611002"
6892,4486,321,12,"51","107","611004","51107611004"
5389,3608,314,20,"51","107","611005","51107611005"
4997,3326,287,11,"51","107","611006","51107611006"
5410,3378,307,11,"51","107","611009","51107611009"
1617,1543,56,1,"51","107","611010","51107611010"
3450,2536,329,10,"51","107","611011","51107611011"
4313,2741,189,6,"51","107","611012","51107611012"
3956,2686,174,5,"51","107","611013","51107611013"
4397,3084,187,12,"51","107","611014","51107611014"
2170,1547,190,4,"51","107","611015","51107611015"
2305,1873,106,3,"51","107","611016","51107611016"
3148,2347,166,6,"51","107","611017","51107611017"
2228,1719,190,8,"51","107","611018","51107611018"
5593,3661,183,10,"51","107","611019","51107611019"
4832,3352,412,10,"51","107","611020","51107611020"
5051,3383,275,8,"51","107","611021","51107611021"
5872,3651,243,11,"51","107","611022","51107611022"
5746,3500,211,13,"51","107","611023","51107611023"
4456,2961,167,5,"51","107","611024","51107611024"
4767,3283,280,19,"51","107","611025","51107611025"
4329,3281,262,7,"51","107","611101","51107611101"
6053,4438,243,11,"51","107","611102","51107611102"
4744,3399,173,8,"51","107","611202","51107611202"
5503,4043,321,13,"51","107","611204","51107611204"
5774,4063,367,13,"51","107","611205","51107611205"
4226,3024,214,4,"51","107","611206","51107611206"
3979,2837,186,13,"51","107","611207","51107611207"
4253,2754,133,3,"51","107","611208","51107611208"
6503,4595,235,10,"51","107","611209","51107611209"
5913,4437,418,15,"51","107","611300","51107611300"
5273,3980,316,8,"51","107","611400","51107611400"
3164,2430,360,16,"51","107","611501","51107611501"
5702,4324,288,12,"51","107","611502","51107611502"
3995,2998,342,5,"51","107","611601","51107611601"
3850,2846,228,6,"51","107","611602","51107611602"
6329,4713,386,13,"51","107","611700","51107611700"
5571,3775,348,14,"51","107","611801","51107611801"
8426,5560,404,13,"51","107","611802","51107611802"
5775,3758,276,9,"51","107","611803","51107611803"
4954,3213,199,8,"51","107","611804","51107611804"
5110,3076,182,10,"51","107","611805","51107611805"
5935,3916,352,13,"51","107","611806","51107611806"
6862,4202,203,7,"51","107","611900","51107611900"
2,2,0,0,"51","107","980100","51107980100"
7040,5527,773,16,"51","109","950100","51109950100"
4629,3608,910,12,"51","109","950201","51109950201"
3682,2953,445,8,"51","109","950202","51109950202"
8551,6593,1022,26,"51","109","950300","51109950300"
2911,2254,838,6,"51","109","950400","51109950400"
6340,4880,647,7,"51","109","950500","51109950500"
5877,4796,1856,8,"51","111","930100","51111930100"
4583,3651,1188,7,"51","111","930200","51111930200"
2454,1973,664,4,"51","111","930300","51111930300"
3903,3129,670,4,"51","133","020100","51133020100"
3135,2594,861,2,"51","133","020200","51133020200"
5292,4586,846,6,"51","133","020300","51133020300"
0,0,0,0,"51","133","990100","51133990100"
4401,3565,304,4,"51","115","951300","51115951300"
4577,3779,364,7,"51","115","951400","51115951400"
0,0,0,0,"51","115","990100","51115990100"
3143,2426,964,4,"51","117","930101","51117930101"
2933,2463,303,2,"51","117","930102","51117930102"
5979,4565,1866,10,"51","117","930200","51117930200"
3276,2703,1121,4,"51","117","930300","51117930300"
5562,4334,1871,10,"51","117","930400","51117930400"
1886,1552,392,3,"51","117","930500","51117930500"
3613,3075,1339,5,"51","117","930600","51117930600"
2478,2111,782,5,"51","117","930700","51117930700"
3857,3122,774,4,"51","117","930800","51117930800"
1600,1277,400,1,"51","119","950900","51119950900"
3906,3337,795,4,"51","119","951000","51119951000"
2880,2305,391,6,"51","119","951100","51119951100"
2573,2279,67,0,"51","119","951200","51119951200"
0,0,0,0,"51","119","990100","51119990100"
8485,8466,383,39,"51","121","020100","51121020100"
5567,5042,178,9,"51","121","020201","51121020201"
2218,1880,84,6,"51","121","020202","51121020202"
6576,5592,203,15,"51","121","020300","51121020300"
7774,7360,252,28,"51","121","020400","51121020400"
5988,5123,192,9,"51","121","020500","51121020500"
5209,4610,159,6,"51","121","020600","51121020600"
5856,5108,309,17,"51","121","020700","51121020700"
6599,5055,325,18,"51","121","020800","51121020800"
5012,3884,167,4,"51","121","020900","51121020900"
4630,3682,149,7,"51","121","021000","51121021000"
7281,5518,331,19,"51","121","021100","51121021100"
6311,4922,128,4,"51","121","021200","51121021200"
3571,2785,22,1,"51","121","021300","51121021300"
5103,3940,88,3,"51","121","021400","51121021400"
8212,6310,56,12,"51","121","021500","51121021500"
5696,4505,742,3,"51","125","950100","51125950100"
4911,4099,271,9,"51","125","950200","51125950200"
4413,3524,570,6,"51","125","950300","51125950300"
5734,4438,401,5,"51","127","700100","51127700100"
4377,3316,554,2,"51","127","700200","51127700200"
8318,6574,1041,4,"51","127","700300","51127700300"
4376,3579,1225,5,"51","131","930100","51131930100"
3820,3012,1186,5,"51","131","930200","51131930200"
4193,3362,1139,2,"51","131","930300","51131930300"
0,0,0,0,"51","131","990100","51131990100"
5905,4691,206,3,"51","145","500101","51145500101"
5519,4072,245,4,"51","145","500102","51145500102"
8844,6619,566,10,"51","145","500200","51145500200"
2773,2470,1444,2,"51","145","500300","51145500300"
5005,3717,744,14,"51","145","500400","51145500400"
6036,4651,1918,2,"51","135","000100","51135000100"
2719,2148,601,3,"51","135","000200","51135000200"
7064,5769,2473,4,"51","135","000300","51135000300"
34,22,6,0,"51","135","980100","51135980100"
8822,6616,864,20,"51","137","110102","51137110102"
9781,7547,619,22,"51","137","110103","51137110103"
2968,2257,139,3,"51","137","110104","51137110104"
4934,3845,610,11,"51","137","110200","51137110200"
6976,5554,1003,16,"51","137","110300","51137110300"
2582,2030,15,3,"51","139","030100","51139030100"
4177,3411,221,4,"51","139","030200","51139030200"
5005,4005,53,5,"51","139","030300","51139030300"
6321,4838,15,2,"51","139","030400","51139030400"
5957,4565,63,4,"51","139","030500","51139030500"
4315,3446,809,3,"51","143","010100","51143010100"
4487,3560,749,2,"51","143","010200","51143010200"
4193,3412,671,5,"51","143","010300","51143010300"
4054,3220,775,5,"51","143","010400","51143010400"
5115,4269,1492,2,"51","143","010500","51143010500"
3034,2437,655,0,"51","143","010600","51143010600"
1833,1478,675,2,"51","143","010700","51143010700"
2510,1901,733,1,"51","143","010801","51143010801"
6369,4904,807,2,"51","143","010802","51143010802"
2984,2380,259,0,"51","143","010900","51143010900"
4539,3502,572,0,"51","143","011001","51143011001"
4661,3545,480,2,"51","143","011002","51143011002"
2929,2335,620,2,"51","143","011100","51143011100"
2318,1862,207,3,"51","143","011200","51143011200"
6182,4670,653,5,"51","143","011300","51143011300"
3983,3100,938,3,"51","143","011400","51143011400"
5060,4113,166,1,"51","141","030100","51141030100"
6202,4995,216,6,"51","141","030200","51141030200"
3056,2500,203,2,"51","141","030301","51141030301"
4172,3316,268,3,"51","141","030302","51141030302"
5416,4400,1210,6,"51","159","040100","51159040100"
3838,3263,1190,3,"51","159","040200","51159040200"
6679,5322,1850,18,"51","147","930100","51147930100"
3666,3198,907,2,"51","147","930201","51147930201"
3571,2705,1163,6,"51","147","930202","51147930202"
2399,2390,206,7,"51","147","930203","51147930203"
7053,5696,1835,12,"51","147","930300","51147930300"
5083,4938,2683,4,"51","149","850100","51149850100"
3460,1877,761,15,"51","149","850200","51149850200"
6623,4914,1869,26,"51","149","850301","51149850301"
4130,3218,609,6,"51","149","850302","51149850302"
5182,4072,769,13,"51","149","850400","51149850400"
5984,4616,881,14,"51","149","850501","51149850501"
5263,4038,1306,15,"51","149","850502","51149850502"
3107,2571,328,8,"51","153","900100","51153900100"
2050,1481,284,10,"51","153","900201","51153900201"
3764,2751,374,19,"51","153","900202","51153900202"
4273,2865,1015,22,"51","153","900203","51153900203"
7656,5886,1526,37,"51","153","900300","51153900300"
5108,3727,1039,26,"51","153","900403","51153900403"
5345,3742,901,20,"51","153","900404","51153900404"
6115,4380,1528,32,"51","153","900407","51153900407"
4279,3009,978,19,"51","153","900408","51153900408"
4634,3305,932,20,"51","153","900409","51153900409"
4659,3084,1616,23,"51","153","900410","51153900410"
7251,5240,979,14,"51","153","900501","51153900501"
2047,1593,604,14,"51","153","900502","51153900502"
7386,5238,939,27,"51","153","900600","51153900600"
4976,3557,1491,38,"51","153","900701","51153900701"
7355,5333,1157,28,"51","153","900702","51153900702"
5385,3774,1155,15,"51","153","900801","51153900801"
6612,4476,2343,33,"51","153","900802","51153900802"
5631,3799,1495,26,"51","153","900901","51153900901"
5177,3431,1404,33,"51","153","900904","51153900904"
4964,3519,1253,25,"51","153","900905","51153900905"
6228,4510,1455,26,"51","153","901001","51153901001"
4363,2816,576,8,"51","153","901005","51153901005"
5956,4081,1796,35,"51","153","901008","51153901008"
6829,4872,717,25,"51","153","901009","51153901009"
4158,2951,497,11,"51","153","901010","51153901010"
5456,3849,897,27,"51","153","901011","51153901011"
3127,2617,466,14,"51","153","901012","51153901012"
4932,3211,460,20,"51","153","901100","51153901100"
3800,2753,580,19,"51","153","901203","51153901203"
3418,2762,376,5,"51","153","901208","51153901208"
6179,4418,866,16,"51","153","901209","51153901209"
4376,3096,646,22,"51","153","901211","51153901211"
7184,5031,1556,40,"51","153","901212","51153901212"
5519,4177,354,5,"51","153","901219","51153901219"
5080,3860,802,31,"51","153","901221","51153901221"
2604,1819,250,7,"51","153","901222","51153901222"
6265,4636,827,27,"51","153","901223","51153901223"
4212,3072,338,9,"51","153","901224","51153901224"
4525,3140,721,16,"51","153","901225","51153901225"
5493,3780,1159,16,"51","153","901226","51153901226"
4988,3543,988,23,"51","153","901227","51153901227"
6036,4295,1014,17,"51","153","901228","51153901228"
3888,2696,763,30,"51","153","901229","51153901229"
4296,3037,848,26,"51","153","901230","51153901230"
5593,4055,318,10,"51","153","901231","51153901231"
4417,3452,629,12,"51","153","901232","51153901232"
7077,4971,467,22,"51","153","901233","51153901233"
2774,2098,145,0,"51","153","901234","51153901234"
3052,2170,415,7,"51","153","901235","51153901235"
4102,2936,558,19,"51","153","901236","51153901236"
3076,2272,601,21,"51","153","901237","51153901237"
4585,3062,370,14,"51","153","901303","51153901303"
2451,1932,49,4,"51","153","901304","51153901304"
2999,2244,54,2,"51","153","901305","51153901305"
5211,3983,175,6,"51","153","901306","51153901306"
6438,4917,883,27,"51","153","901403","51153901403"
3727,2764,463,17,"51","153","901407","51153901407"
7291,5158,1118,36,"51","153","901408","51153901408"
6135,3943,668,16,"51","153","901409","51153901409"
7472,4529,600,22,"51","153","901410","51153901410"
5491,3794,316,12,"51","153","901411","51153901411"
5768,3691,482,16,"51","153","901412","51153901412"
4100,2583,258,13,"51","153","901413","51153901413"
4809,3331,371,7,"51","153","901414","51153901414"
3853,2378,218,10,"51","153","901415","51153901415"
4659,2915,377,16,"51","153","901416","51153901416"
2222,1679,48,2,"51","153","901417","51153901417"
5781,4209,148,9,"51","153","901503","51153901503"
3460,3434,112,1,"51","153","901504","51153901504"
6860,4319,455,14,"51","153","901505","51153901505"
5261,3449,471,17,"51","153","901506","51153901506"
2564,1816,208,2,"51","153","901507","51153901507"
4218,2960,450,19,"51","153","901508","51153901508"
4888,3655,168,9,"51","153","901509","51153901509"
4908,3211,302,12,"51","153","901510","51153901510"
1851,1620,58,0,"51","153","901511","51153901511"
3552,2648,223,7,"51","153","901601","51153901601"
7539,5513,919,36,"51","153","901602","51153901602"
7943,5769,850,24,"51","153","901701","51153901701"
3806,2666,138,9,"51","153","901702","51153901702"
5383,3918,437,16,"51","153","901900","51153901900"
0,0,0,0,"51","153","980100","51153980100"
6992,5622,186,2,"51","155","210100","51155210100"
4087,3163,210,8,"51","155","210201","51155210201"
3736,3053,54,2,"51","155","210202","51155210202"
4603,3707,305,5,"51","155","210300","51155210300"
5152,4032,203,15,"51","155","210400","51155210400"
2701,2175,40,2,"51","155","210500","51155210500"
4086,3492,228,7,"51","155","210600","51155210600"
3515,2827,168,4,"51","155","210700","51155210700"
0,0,0,0,"51","155","980100","51155980100"
0,0,0,0,"51","155","980200","51155980200"
2692,2162,104,6,"51","157","950100","51157950100"
4681,3746,162,5,"51","157","950200","51157950200"
4251,3279,774,3,"51","175","200100","51175200100"
2882,2193,982,5,"51","175","200200","51175200200"
1395,1395,817,0,"51","175","200300","51175200300"
6361,4902,1722,5,"51","175","200400","51175200400"
3681,2883,1254,2,"51","175","200500","51175200500"
3802,3059,41,4,"51","161","030100","51161030100"
4533,3432,492,16,"51","161","030201","51161030201"
3975,3214,211,10,"51","161","030203","51161030203"
6671,5364,486,11,"51","161","030204","51161030204"
3875,3098,220,2,"51","161","030205","51161030205"
7123,5692,165,7,"51","161","030300","51161030300"
4261,3468,221,1,"51","161","030500","51161030500"
7298,5305,73,2,"51","161","030600","51161030600"
6715,5076,54,4,"51","161","030701","51161030701"
5668,4509,268,13,"51","161","030702","51161030702"
5284,4243,271,15,"51","161","030801","51161030801"
4713,3675,94,1,"51","161","030802","51161030802"
5386,4365,142,2,"51","161","030900","51161030900"
3856,3045,113,5,"51","161","031000","51161031000"
4452,3477,221,5,"51","161","031101","51161031101"
3641,2761,119,12,"51","161","031102","51161031102"
4971,3860,87,3,"51","161","031201","51161031201"
6152,4620,202,5,"51","161","031202","51161031202"
7348,5881,181,9,"51","163","930100","51163930100"
4580,3727,33,7,"51","163","930200","51163930200"
6434,5360,75,7,"51","163","930300","51163930300"
3945,3075,184,3,"51","163","930400","51163930400"
3299,2532,17,1,"51","165","010100","51165010100"
3468,2704,101,5,"51","165","010200","51165010200"
4813,3657,162,3,"51","165","010300","51165010300"
2531,1923,15,11,"51","165","010400","51165010400"
2356,1753,12,3,"51","165","010500","51165010500"
3651,2843,35,3,"51","165","010600","51165010600"
3318,2519,8,2,"51","165","010700","51165010700"
6397,4863,52,6,"51","165","010800","51165010800"
2581,1966,16,2,"51","165","010900","51165010900"
3034,2376,2,3,"51","165","011000","51165011000"
3183,2448,20,5,"51","165","011100","51165011100"
4929,3608,14,2,"51","165","011200","51165011200"
5592,4095,72,5,"51","165","011400","51165011400"
5895,4871,129,16,"51","165","011500","51165011500"
2164,1639,15,1,"51","165","011600","51165011600"
3236,2439,78,6,"51","165","011700","51165011700"
7833,5920,75,4,"51","165","011800","51165011800"
3006,2300,43,4,"51","165","011900","51165011900"
5028,3786,87,7,"51","165","012000","51165012000"
4672,3705,5,0,"51","167","030100","51167030100"
5469,4347,64,3,"51","167","030200","51167030200"
4018,3229,22,0,"51","167","030300","51167030300"
5682,4515,56,2,"51","167","030401","51167030401"
3065,2469,20,0,"51","167","030402","51167030402"
2115,1670,3,0,"51","167","030500","51167030500"
3876,3057,26,6,"51","167","030600","51167030600"
3362,2710,56,0,"51","169","030100","51169030100"
4167,3407,29,3,"51","169","030200","51169030200"
3674,2937,2,2,"51","169","030300","51169030300"
3922,3162,2,3,"51","169","030400","51169030400"
4015,3233,2,1,"51","169","030500","51169030500"
4037,3252,14,2,"51","169","030600","51169030600"
9068,6797,238,13,"51","171","040100","51171040100"
2580,2132,30,2,"51","171","040201","51171040201"
3130,2492,6,1,"51","171","040202","51171040202"
3737,2919,24,2,"51","171","040300","51171040300"
2427,1932,3,2,"51","171","040400","51171040400"
8447,6583,152,8,"51","171","040500","51171040500"
3619,2819,18,3,"51","171","040600","51171040600"
4264,3289,35,3,"51","171","040700","51171040700"
4721,3801,37,6,"51","171","040800","51171040800"
3427,2659,3,3,"51","173","030100","51173030100"
4658,3684,5,0,"51","173","030200","51173030200"
3165,2562,148,2,"51","173","030301","51173030301"
3913,3125,48,8,"51","173","030302","51173030302"
2068,1657,5,1,"51","173","030400","51173030400"
2799,2210,163,0,"51","173","030500","51173030500"
3191,2465,72,5,"51","173","030600","51173030600"
4768,3791,65,0,"51","173","030701","51173030701"
4219,3338,14,0,"51","173","030702","51173030702"
7981,5941,109,7,"51","187","020100","51187020100"
2766,2153,32,2,"51","187","020200","51187020200"
6393,4946,100,9,"51","187","020300","51187020300"
4764,3582,272,11,"51","187","020400","51187020400"
4009,3113,492,10,"51","187","020500","51187020500"
5562,4096,191,7,"51","187","020601","51187020601"
2886,2087,89,6,"51","187","020602","51187020602"
3214,2577,43,1,"51","187","020700","51187020700"
4589,3161,373,8,"51","177","020104","51177020104"
2284,1682,74,2,"51","177","020105","51177020105"
5781,4363,364,9,"51","177","020106","51177020106"
1806,1248,172,3,"51","177","020107","51177020107"
4096,3041,534,22,"51","177","020108","51177020108"
3691,2855,357,11,"51","177","020109","51177020109"
3721,2685,386,11,"51","177","020110","51177020110"
2380,1616,265,2,"51","177","020111","51177020111"
2774,1938,391,12,"51","177","020112","51177020112"
4341,3058,381,14,"51","177","020113","51177020113"
5770,3790,859,23,"51","177","020114","51177020114"
5843,4035,767,14,"51","177","020201","51177020201"
4981,3687,498,24,"51","177","020202","51177020202"
4844,3315,788,19,"51","177","020203","51177020203"
3963,2918,380,8,"51","177","020204","51177020204"
4571,3176,526,17,"51","177","020205","51177020205"
4180,3222,405,13,"51","177","020304","51177020304"
3266,2458,428,21,"51","177","020305","51177020305"
5247,3749,994,19,"51","177","020306","51177020306"
3580,2569,581,5,"51","177","020307","51177020307"
3756,2606,376,9,"51","177","020308","51177020308"
5649,4006,640,9,"51","177","020309","51177020309"
4251,3079,457,10,"51","177","020310","51177020310"
5043,3786,614,11,"51","177","020311","51177020311"
3785,2828,255,7,"51","177","020403","51177020403"
3426,2599,292,5,"51","177","020404","51177020404"
3443,2662,269,8,"51","177","020405","51177020405"
3470,2523,203,15,"51","177","020406","51177020406"
5071,3758,361,8,"51","177","020407","51177020407"
2795,1941,159,14,"51","177","020408","51177020408"
3532,2627,339,10,"51","179","010103","51179010103"
6783,4720,994,27,"51","179","010105","51179010105"
2890,2224,330,7,"51","179","010106","51179010106"
3265,2417,215,8,"51","179","010107","51179010107"
5686,3955,772,24,"51","179","010108","51179010108"
1974,1968,117,10,"51","179","010201","51179010201"
5959,4301,212,11,"51","179","010202","51179010202"
8088,6013,1092,17,"51","179","010204","51179010204"
6770,4642,779,18,"51","179","010205","51179010205"
5208,3563,769,12,"51","179","010206","51179010206"
7521,5140,1387,24,"51","179","010207","51179010207"
6681,4412,1181,26,"51","179","010210","51179010210"
4245,2914,695,20,"51","179","010211","51179010211"
4680,3127,615,8,"51","179","010212","51179010212"
2581,1710,347,13,"51","179","010213","51179010213"
3756,2491,559,15,"51","179","010214","51179010214"
3786,2779,263,1,"51","179","010301","51179010301"
8582,5916,1096,38,"51","179","010303","51179010303"
5297,4216,699,14,"51","179","010304","51179010304"
5674,3759,863,31,"51","179","010305","51179010305"
2877,2068,192,6,"51","179","010403","51179010403"
5894,4199,607,27,"51","179","010404","51179010404"
6064,4282,389,3,"51","179","010405","51179010405"
3144,2210,301,2,"51","179","010406","51179010406"
4211,3205,184,1,"51","179","010502","51179010502"
2078,1547,46,4,"51","179","010503","51179010503"
1735,1359,103,0,"51","179","010504","51179010504"
3407,2704,1222,6,"51","181","860100","51181860100"
3651,2867,1312,4,"51","181","860200","51181860200"
2697,2162,1249,2,"51","183","870100","51183870100"
3680,3232,1819,1,"51","183","870201","51183870201"
1082,1082,834,1,"51","183","870202","51183870202"
2861,2235,1294,4,"51","183","870300","51183870300"
1767,1348,672,0,"51","183","870400","51183870400"
3690,3138,477,0,"51","185","020100","51185020100"
5354,4187,285,11,"51","185","020200","51185020200"
6701,5308,82,1,"51","185","020300","51185020300"
4385,3505,5,4,"51","185","020400","51185020400"
3152,2425,4,0,"51","185","020500","51185020500"
4358,3445,8,2,"51","185","020600","51185020600"
2885,2292,86,1,"51","185","020700","51185020700"
2191,1722,20,4,"51","185","020800","51185020800"
2079,1694,10,4,"51","185","020900","51185020900"
4234,3370,10,3,"51","185","021000","51185021000"
6049,4817,145,4,"51","185","021100","51185021100"
1530,1231,51,0,"51","550","020001","51550020001"
4607,3377,1407,30,"51","550","020002","51550020002"
5634,4105,814,13,"51","550","020003","51550020003"
4532,3049,2506,15,"51","550","020100","51550020100"
4121,2826,2581,9,"51","550","020200","51550020200"
1695,1107,548,7,"51","550","020300","51550020300"
2973,2201,609,9,"51","550","020400","51550020400"
1429,1101,394,4,"51","550","020500","51550020500"
4053,3097,551,8,"51","550","020600","51550020600"
5318,3999,2272,15,"51","550","020700","51550020700"
6814,5163,943,21,"51","550","020804","51550020804"
5373,4059,1294,9,"51","550","020805","51550020805"
6839,5421,1341,19,"51","550","020806","51550020806"
7456,5687,1173,17,"51","550","020807","51550020807"
3751,2964,2295,13,"51","550","020808","51550020808"
4894,3754,1240,14,"51","550","020809","51550020809"
2795,2026,1504,4,"51","550","020903","51550020903"
8638,6465,2298,21,"51","550","020904","51550020904"
2701,2197,397,4,"51","550","020905","51550020905"
7081,5625,1863,39,"51","550","020906","51550020906"
5608,4114,381,10,"51","550","021004","51550021004"
5482,4098,1152,5,"51","550","021005","51550021005"
7933,5730,487,6,"51","550","021006","51550021006"
4262,3081,188,9,"51","550","021009","51550021009"
5665,4241,369,8,"51","550","021010","51550021010"
3483,2467,180,4,"51","550","021011","51550021011"
6109,4553,193,2,"51","550","021012","51550021012"
4670,3131,304,5,"51","550","021013","51550021013"
5079,3860,177,3,"51","550","021101","51550021101"
7898,6191,1664,5,"51","550","021102","51550021102"
5730,4321,284,7,"51","550","021200","51550021200"
5396,3947,981,20,"51","550","021301","51550021301"
9658,6432,2379,31,"51","550","021302","51550021302"
2028,1555,422,3,"51","550","021401","51550021401"
6317,4795,794,10,"51","550","021402","51550021402"
4890,3625,939,13,"51","550","021403","51550021403"
7671,5724,4222,16,"51","550","021404","51550021404"
10150,7065,2966,8,"51","550","021501","51550021501"
7173,5406,842,13,"51","550","021502","51550021502"
8183,6166,783,12,"51","550","021601","51550021601"
6590,4732,2285,23,"51","550","021602","51550021602"
6906,5468,16,3,"51","191","010100","51191010100"
5180,4090,15,3,"51","191","010200","51191010200"
6949,5413,24,2,"51","191","010300","51191010300"
2381,1941,8,1,"51","191","010401","51191010401"
3238,2591,26,4,"51","191","010402","51191010402"
3812,3211,60,4,"51","191","010501","51191010501"
4120,3475,157,7,"51","191","010502","51191010502"
4280,3411,57,1,"51","191","010601","51191010601"
2748,2335,91,7,"51","191","010602","51191010602"
4480,3540,76,5,"51","191","010700","51191010700"
3133,2511,3,1,"51","191","010800","51191010800"
4233,3360,18,1,"51","191","010900","51191010900"
3416,2776,10,1,"51","191","011000","51191011000"
5234,4273,1799,11,"51","193","010100","51193010100"
3498,2824,831,10,"51","193","010200","51193010200"
2979,2275,472,2,"51","193","010300","51193010300"
5743,4589,613,11,"51","193","010400","51193010400"
3628,2970,567,2,"51","195","930700","51195930700"
2081,1630,6,2,"51","195","930800","51195930800"
4504,3585,25,2,"51","195","930900","51195930900"
2504,1932,6,1,"51","195","931000","51195931000"
2918,2218,44,0,"51","195","931100","51195931100"
6649,5320,974,4,"51","195","931200","51195931200"
3751,2943,22,3,"51","195","931300","51195931300"
5258,4299,149,11,"51","195","931400","51195931400"
5062,3888,176,10,"51","195","931500","51195931500"
3139,2479,35,3,"51","195","931600","51195931600"
1958,1582,10,1,"51","195","931700","51195931700"
5611,4470,256,11,"51","197","050100","51197050100"
6773,5389,181,11,"51","197","050200","51197050200"
4454,3505,91,2,"51","197","050301","51197050301"
3200,2495,15,2,"51","197","050302","51197050302"
4010,3150,51,5,"51","197","050401","51197050401"
5187,4116,23,4,"51","197","050402","51197050402"
6652,4712,656,20,"51","199","050203","51199050203"
5831,3465,631,17,"51","199","050204","51199050204"
4628,3558,241,6,"51","199","050205","51199050205"
6582,4695,620,14,"51","199","050206","51199050206"
5775,4260,330,6,"51","199","050303","51199050303"
5348,4150,105,6,"51","199","050304","51199050304"
3214,2394,352,3,"51","199","050305","51199050305"
4893,3875,339,13,"51","199","050306","51199050306"
3300,2607,150,3,"51","199","050401","51199050401"
3527,2682,66,3,"51","199","050402","51199050402"
2960,2171,926,12,"51","199","050500","51199050500"
2165,1595,600,13,"51","199","050900","51199050900"
3610,2879,278,6,"51","199","051000","51199051000"
6979,5145,1145,17,"51","199","051100","51199051100"
0,0,0,0,"51","199","990100","51199990100"
6650,5226,255,9,"51","530","930600","51530930600"
2791,2444,541,13,"51","540","000201","51540000201"
5617,5231,823,29,"51","540","000202","51540000202"
2461,2005,259,6,"51","540","000302","51540000302"
3324,2502,1092,15,"51","540","000401","51540000401"
3983,3296,480,13,"51","540","000402","51540000402"
3305,2583,1239,13,"51","540","000501","51540000501"
4675,3906,536,21,"51","540","000502","51540000502"
4351,4248,319,22,"51","540","000600","51540000600"
4278,3691,211,14,"51","540","000700","51540000700"
3642,2834,365,5,"51","540","000800","51540000800"
2265,1817,177,5,"51","540","000900","51540000900"
2783,2444,290,8,"51","540","001000","51540001000"
4429,3463,761,11,"51","510","200102","51510200102"
7151,5648,2104,34,"51","510","200103","51510200103"
3963,3042,843,27,"51","510","200104","51510200104"
3777,3339,1742,18,"51","510","200105","51510200105"
3176,2718,537,11,"51","510","200106","51510200106"
5766,5191,1085,50,"51","510","200107","51510200107"
3571,2768,503,12,"51","510","200201","51510200201"
1572,1236,73,1,"51","510","200202","51510200202"
3103,2531,760,23,"51","510","200301","51510200301"
4222,3163,878,10,"51","510","200302","51510200302"
4720,4231,1302,23,"51","510","200303","51510200303"
1364,1224,228,9,"51","510","200403","51510200403"
3468,2898,233,9,"51","510","200404","51510200404"
6744,5601,1894,47,"51","510","200405","51510200405"
4482,3637,1453,33,"51","510","200406","51510200406"
3948,3461,709,17,"51","510","200407","51510200407"
4272,3710,1300,25,"51","510","200500","51510200500"
4490,3569,932,12,"51","510","200600","51510200600"
653,609,61,2,"51","510","200701","51510200701"
3910,3740,462,20,"51","510","200702","51510200702"
2769,2442,681,5,"51","510","200703","51510200703"
2553,1872,137,2,"51","510","200801","51510200801"
2909,2351,423,9,"51","510","200802","51510200802"
4693,3478,172,6,"51","510","200900","51510200900"
2797,2601,111,13,"51","510","201000","51510201000"
2871,2093,113,3,"51","510","201100","51510201100"
3049,2478,298,14,"51","510","201202","51510201202"
7165,5741,816,33,"51","510","201203","51510201203"
2844,2369,739,9,"51","510","201204","51510201204"
3105,2518,360,6,"51","510","201300","51510201300"
4199,3270,199,17,"51","510","201400","51510201400"
3602,2869,163,2,"51","510","201500","51510201500"
4893,3974,1000,11,"51","510","201600","51510201600"
5606,5051,659,11,"51","510","201801","51510201801"
1992,1645,231,2,"51","510","201802","51510201802"
1679,1535,77,3,"51","510","201900","51510201900"
2167,1823,36,4,"51","510","202001","51510202001"
2292,2107,110,3,"51","510","202002","51510202002"
6222,4944,956,13,"51","515","050100","51515050100"
3853,3039,122,3,"51","520","020100","51520020100"
5331,4296,322,15,"51","520","020200","51520020200"
2864,2134,210,4,"51","520","020300","51520020300"
5787,4659,85,2,"51","520","020400","51520020400"
2909,2178,48,4,"51","610","500100","51610500100"
5426,4026,211,8,"51","610","500200","51610500200"
3997,3081,135,7,"51","610","500300","51610500300"
4811,3796,116,3,"51","570","830100","51570830100"
3525,2791,390,8,"51","570","830200","51570830200"
2485,1974,147,5,"51","570","830300","51570830300"
2629,1973,327,9,"51","570","830400","51570830400"
3961,2989,220,4,"51","570","830500","51570830500"
3098,2381,421,7,"51","580","060100","51580060100"
2863,2313,176,3,"51","580","060200","51580060200"
5703,4451,1957,2,"51","590","000100","51590000100"
3814,3142,1315,8,"51","590","000200","51590000200"
3506,2693,1794,2,"51","590","000300","51590000300"
3767,2834,1881,6,"51","590","000400","51590000400"
1637,1393,1013,4,"51","590","000500","51590000500"
2349,1807,1343,3,"51","590","000600","51590000600"
3341,2830,445,4,"51","590","000700","51590000700"
2690,2066,744,4,"51","590","000800","51590000800"
3771,2920,915,6,"51","590","000900","51590000900"
3703,2698,1629,7,"51","590","001000","51590001000"
1401,1106,761,2,"51","590","001100","51590001100"
1766,1311,326,2,"51","590","001200","51590001200"
1296,1053,421,0,"51","590","001301","51590001301"
1077,822,397,4,"51","590","001302","51590001302"
3232,2665,191,3,"51","590","001400","51590001400"
2,2,0,0,"51","590","980100","51590980100"
2939,2068,1579,6,"51","595","890100","51595890100"
2988,2332,1052,3,"51","595","890200","51595890200"
5129,3995,234,9,"51","600","300100","51600300100"
4775,3708,106,15,"51","600","300200","51600300200"
5470,4389,245,11,"51","600","300300","51600300300"
3715,3025,152,11,"51","600","300400","51600300400"
3476,2856,88,13,"51","600","300500","51600300500"
3518,2747,1241,11,"51","690","000100","51690000100"
2247,1768,1606,9,"51","690","000200","51690000200"
2501,1989,674,11,"51","690","000300","51690000300"
2648,1976,850,7,"51","690","000400","51690000400"
2907,2386,263,3,"51","690","000500","51690000500"
4770,3735,973,7,"51","620","090100","51620090100"
3812,2801,2571,5,"51","620","090200","51620090200"
3018,2579,200,8,"51","630","000100","51630000100"
5209,4152,751,35,"51","630","000200","51630000200"
2647,2642,290,7,"51","630","000301","51630000301"
4424,3564,502,14,"51","630","000302","51630000302"
3143,2410,1097,17,"51","630","000400","51630000400"
5845,4160,1082,35,"51","630","000500","51630000500"
4487,3509,241,9,"51","640","070101","51640070101"
2555,1989,63,5,"51","640","070102","51640070102"
7108,5487,1217,28,"51","650","010103","51650010103"
6536,4582,2248,30,"51","650","010104","51650010104"
1343,1167,219,10,"51","650","010200","51650010200"
7638,5701,2677,50,"51","650","010304","51650010304"
6355,4942,1990,25,"51","650","010306","51650010306"
5339,4188,2043,21,"51","650","010307","51650010307"
4479,3450,1606,15,"51","650","010309","51650010309"
4310,3413,1293,8,"51","650","010310","51650010310"
4421,3313,1696,23,"51","650","010311","51650010311"
3374,2570,533,11,"51","650","010312","51650010312"
6673,5527,3130,55,"51","650","010313","51650010313"
1852,1467,700,3,"51","650","010314","51650010314"
6628,5133,3860,24,"51","650","010400","51650010400"
5805,4566,3206,10,"51","650","010501","51650010501"
3214,2231,1626,23,"51","650","010502","51650010502"
2729,2106,1537,10,"51","650","010601","51650010601"
3091,2271,1819,4,"51","650","010602","51650010602"
3634,2576,1250,8,"51","650","010701","51650010701"
3730,2805,691,10,"51","650","010702","51650010702"
3176,2394,547,10,"51","650","010703","51650010703"
5317,4253,1430,12,"51","650","010800","51650010800"
2092,1510,1126,10,"51","650","010900","51650010900"
6109,4704,1583,17,"51","650","011000","51650011000"
696,488,107,1,"51","650","011100","51650011100"
2839,2287,604,15,"51","650","011200","51650011200"
2207,1691,958,9,"51","650","011300","51650011300"
2784,2749,2483,39,"51","650","011400","51650011400"
4060,3299,483,13,"51","650","011500","51650011500"
2712,2115,1329,16,"51","650","011600","51650011600"
4880,3726,2469,17,"51","650","011800","51650011800"
3178,2380,2150,11,"51","650","011900","51650011900"
3217,2466,1854,13,"51","650","012000","51650012000"
5910,4605,633,11,"51","650","012100","51650012100"
0,0,0,0,"51","650","990100","51650990100"
4345,3213,483,40,"51","660","000101","51660000101"
4671,3626,250,17,"51","660","000102","51660000102"
1696,1434,42,5,"51","660","000203","51660000203"
3542,2978,139,6,"51","660","000204","51660000204"
5087,4354,196,14,"51","660","000205","51660000205"
4699,4676,210,5,"51","660","000206","51660000206"
6931,6721,257,28,"51","660","000207","51660000207"
3124,2445,57,4,"51","660","000301","51660000301"
5898,4810,322,25,"51","660","000302","51660000302"
3106,2770,148,9,"51","660","000401","51660000401"
5815,4539,284,19,"51","660","000402","51660000402"
1555,1183,372,10,"51","670","820100","51670820100"
2711,1926,743,6,"51","670","820300","51670820300"
5317,4211,859,12,"51","670","820400","51670820400"
4891,3758,587,6,"51","670","820500","51670820500"
5674,4140,1764,27,"51","670","820600","51670820600"
2443,1700,1384,14,"51","670","820700","51670820700"
0,0,0,0,"51","670","980100","51670980100"
7042,6328,598,21,"51","678","930500","51678930500"
4490,3613,327,11,"51","680","000100","51680000100"
6181,4654,251,4,"51","680","000201","51680000201"
6783,5173,1611,26,"51","680","000202","51680000202"
1783,1749,162,8,"51","680","000203","51680000203"
3933,3144,860,10,"51","680","000300","51680000300"
3099,2366,1465,5,"51","680","000400","51680000400"
367,321,143,0,"51","680","000500","51680000500"
3220,2488,1901,7,"51","680","000600","51680000600"
3483,2512,1352,15,"51","680","000700","51680000700"
2115,1610,414,4,"51","680","000801","51680000801"
2870,2336,439,11,"51","680","000802","51680000802"
6140,4887,1139,22,"51","680","000900","51680000900"
3070,2475,501,7,"51","680","001000","51680001000"
1752,1391,907,1,"51","680","001100","51680001100"
6970,6897,819,12,"51","680","001400","51680001400"
7097,5687,897,15,"51","680","001600","51680001600"
4871,3951,452,14,"51","680","001700","51680001700"
2003,1706,195,5,"51","680","001800","51680001800"
5341,3834,2304,22,"51","680","001900","51680001900"
6248,4486,342,15,"51","685","920100","51685920100"
8025,5728,1002,43,"51","685","920200","51685920200"
4213,3058,320,11,"51","683","910100","51683910100"
4566,3523,241,12,"51","683","910201","51683910201"
7678,5263,794,26,"51","683","910202","51683910202"
4429,3340,449,17,"51","683","910301","51683910301"
5598,4061,597,26,"51","683","910302","51683910302"
6324,4153,871,61,"51","683","910401","51683910401"
5013,3676,392,11,"51","683","910402","51683910402"
2355,1794,468,14,"51","740","210200","51740210200"
2288,1745,600,1,"51","740","210300","51740210300"
1490,1212,218,3,"51","740","210400","51740210400"
1924,1116,1032,2,"51","740","210500","51740210500"
1692,1332,329,3,"51","740","210600","51740210600"
3266,2897,1099,9,"51","740","210900","51740210900"
1693,1282,1167,3,"51","740","211100","51740211100"
1326,1010,964,0,"51","740","211400","51740211400"
1803,1306,550,5,"51","740","211500","51740211500"
4141,3224,436,6,"51","740","211600","51740211600"
3070,2348,2071,9,"51","740","211700","51740211700"
3873,2422,2289,6,"51","740","211800","51740211800"
1688,1172,1100,8,"51","740","211900","51740211900"
2078,1478,1411,5,"51","740","212000","51740212000"
1366,962,904,0,"51","740","212100","51740212100"
4743,3446,1471,25,"51","740","212300","51740212300"
3289,2347,1424,10,"51","740","212400","51740212400"
2142,1677,488,5,"51","740","212500","51740212500"
1141,875,335,4,"51","740","212600","51740212600"
6069,5214,4558,7,"51","740","212701","51740212701"
3438,2747,2665,9,"51","740","212702","51740212702"
4616,3462,1449,12,"51","740","212801","51740212801"
2765,2323,394,6,"51","740","212802","51740212802"
5392,4213,228,7,"51","740","212900","51740212900"
5814,4710,1001,9,"51","740","213001","51740213001"
4179,3372,525,12,"51","740","213002","51740213002"
4844,3473,2370,27,"51","740","213101","51740213101"
6649,5019,2290,20,"51","740","213103","51740213103"
4253,2934,2199,10,"51","740","213104","51740213104"
2070,1679,933,9,"51","740","213200","51740213200"
78,78,21,1,"51","740","980100","51740980100"
4468,3083,2363,19,"51","700","030100","51700030100"
6217,4569,4142,18,"51","700","030300","51700030300"
3764,2527,2411,9,"51","700","030400","51700030400"
2071,1500,1403,8,"51","700","030500","51700030500"
2560,1775,1675,3,"51","700","030600","51700030600"
2286,1628,1532,13,"51","700","030800","51700030800"
2138,1667,1063,8,"51","700","030900","51700030900"
2739,2202,840,6,"51","700","031100","51700031100"
2170,1727,900,8,"51","700","031200","51700031200"
4312,3341,1910,9,"51","700","031300","51700031300"
6276,4872,1994,26,"51","700","031400","51700031400"
5843,4541,714,25,"51","700","031500","51700031500"
6211,4639,1805,27,"51","700","031601","51700031601"
4452,3550,588,9,"51","700","031602","51700031602"
4224,3833,628,19,"51","700","031701","51700031701"
4754,3838,696,12,"51","700","031702","51700031702"
3960,3215,89,9,"51","700","031800","51700031800"
3734,2888,232,4,"51","700","031901","51700031901"
4016,3199,737,9,"51","700","031902","51700031902"
2850,2343,226,6,"51","700","032001","51700032001"
6155,4654,1008,16,"51","700","032002","51700032002"
2731,2068,291,11,"51","700","032005","51700032005"
3890,2691,1532,27,"51","700","032006","51700032006"
3598,2770,924,14,"51","700","032007","51700032007"
2756,2333,681,18,"51","700","032113","51700032113"
1742,1383,274,9,"51","700","032114","51700032114"
4358,3519,990,18,"51","700","032117","51700032117"
5680,3943,1864,43,"51","700","032123","51700032123"
3874,2685,1383,19,"51","700","032124","51700032124"
3436,2511,521,20,"51","700","032126","51700032126"
4169,3440,902,19,"51","700","032127","51700032127"
3302,2728,914,14,"51","700","032128","51700032128"
3027,2245,913,25,"51","700","032129","51700032129"
5262,4038,891,10,"51","700","032130","51700032130"
4783,3441,1324,23,"51","700","032131","51700032131"
5536,4345,1334,28,"51","700","032132","51700032132"
6312,4946,1006,14,"51","700","032211","51700032211"
3941,2822,1890,37,"51","700","032212","51700032212"
3144,2240,1176,18,"51","700","032223","51700032223"
7130,5164,2298,35,"51","700","032224","51700032224"
3752,2502,1460,19,"51","700","032225","51700032225"
4037,2895,1255,34,"51","700","032226","51700032226"
5720,4179,745,44,"51","700","032300","51700032300"
3339,2327,770,22,"51","700","032400","51700032400"
2356,1903,420,10,"51","710","000100","51710000100"
2742,2218,505,14,"51","710","000201","51710000201"
3869,2921,563,17,"51","710","000202","51710000202"
2985,2427,484,18,"51","710","000300","51710000300"
3241,2757,454,14,"51","710","000400","51710000400"
3181,2461,437,11,"51","710","000500","51710000500"
4327,3119,1028,27,"51","710","000600","51710000600"
2864,2180,320,14,"51","710","000700","51710000700"
2075,1650,328,5,"51","710","000800","51710000800"
5472,3615,1035,31,"51","710","000901","51710000901"
3541,2952,625,23,"51","710","000902","51710000902"
2593,2106,678,8,"51","710","001100","51710001100"
3490,2792,626,14,"51","710","001200","51710001200"
2378,1898,809,19,"51","710","001300","51710001300"
2470,2056,559,4,"51","710","001400","51710001400"
1995,1622,332,8,"51","710","001500","51710001500"
1678,1292,925,4,"51","710","001600","51710001600"
2246,1807,588,13,"51","710","001700","51710001700"
1320,1063,141,3,"51","710","002000","51710002000"
1414,1117,162,6,"51","710","002100","51710002100"
1905,1501,93,1,"51","710","002200","51710002200"
2028,1557,59,5,"51","710","002300","51710002300"
3461,2604,46,7,"51","710","002400","51710002400"
4748,4324,1680,45,"51","710","002500","51710002500"
3835,3633,1294,56,"51","710","002600","51710002600"
2900,2116,1720,12,"51","710","002700","51710002700"
4151,3456,1010,8,"51","710","002800","51710002800"
3973,2882,2439,13,"51","710","002900","51710002900"
1934,1563,413,5,"51","710","003000","51710003000"
3116,2334,1331,13,"51","710","003100","51710003100"
2642,1935,1324,10,"51","710","003200","51710003200"
2651,2004,1625,4,"51","710","003300","51710003300"
2068,1514,1382,4,"51","710","003400","51710003400"
3419,2294,2174,13,"51","710","003501","51710003501"
1357,1210,203,4,"51","710","003600","51710003600"
2166,1954,111,7,"51","710","003700","51710003700"
22065,21598,5321,157,"51","710","003800","51710003800"
1037,896,41,2,"51","710","004001","51710004001"
3097,2806,206,4,"51","710","004002","51710004002"
2029,1122,1072,5,"51","710","004100","51710004100"
1744,1076,1012,0,"51","710","004200","51710004200"
3499,2383,2255,15,"51","710","004300","51710004300"
1460,982,900,3,"51","710","004400","51710004400"
1374,1071,990,2,"51","710","004500","51710004500"
2193,1322,1181,6,"51","710","004600","51710004600"
2768,2634,2489,24,"51","710","004700","51710004700"
1402,723,712,0,"51","710","004800","51710004800"
3930,3827,1445,6,"51","710","004900","51710004900"
3271,2361,2240,9,"51","710","005000","51710005000"
4522,2696,2478,6,"51","710","005100","51710005100"
2855,2110,645,12,"51","710","005500","51710005500"
3996,3120,311,9,"51","710","005601","51710005601"
3397,2543,603,9,"51","710","005602","51710005602"
4663,3462,2260,15,"51","710","005701","51710005701"
2602,2108,1591,16,"51","710","005702","51710005702"
4591,3363,2740,15,"51","710","005800","51710005800"
4678,3324,2402,12,"51","710","005901","51710005901"
3907,3011,1080,7,"51","710","005902","51710005902"
1623,1241,495,5,"51","710","005903","51710005903"
3578,2750,878,11,"51","710","006000","51710006000"
7740,5749,2805,18,"51","710","006100","51710006100"
3305,2543,959,13,"51","710","006200","51710006200"
3277,2620,1906,9,"51","710","006400","51710006400"
2692,2096,651,14,"51","710","006501","51710006501"
2579,1997,461,13,"51","710","006502","51710006502"
723,537,84,2,"51","710","006601","51710006601"
2441,1933,122,7,"51","710","006602","51710006602"
2400,1926,181,7,"51","710","006603","51710006603"
1892,1456,340,2,"51","710","006604","51710006604"
2672,2146,488,13,"51","710","006605","51710006605"
4177,3320,1091,21,"51","710","006606","51710006606"
3030,2304,667,5,"51","710","006607","51710006607"
1765,1377,277,6,"51","710","006800","51710006800"
3384,2572,1389,21,"51","710","006901","51710006901"
2734,2281,521,5,"51","710","006902","51710006902"
1555,1109,624,6,"51","710","007001","51710007001"
3559,2853,1876,9,"51","710","007002","51710007002"
0,0,0,0,"51","710","980100","51710980100"
5,5,1,0,"51","710","980200","51710980200"
1,1,1,0,"51","710","980300","51710980300"
0,0,0,0,"51","710","990000","51710990000"
3958,3094,183,9,"51","720","960100","51720960100"
2934,2066,1799,3,"51","730","810100","51730810100"
2613,2099,1516,10,"51","730","810300","51730810300"
1384,1077,958,0,"51","730","810400","51730810400"
4455,3460,3123,14,"51","730","810500","51730810500"
1884,1448,1382,1,"51","730","810600","51730810600"
2223,1824,1631,10,"51","730","810700","51730810700"
3461,2766,2066,7,"51","730","810900","51730810900"
4263,3498,2254,18,"51","730","811000","51730811000"
2883,2480,1716,22,"51","730","811100","51730811100"
3755,2839,1840,15,"51","730","811200","51730811200"
2565,2156,1670,7,"51","730","811300","51730811300"
3754,2860,29,0,"51","735","340100","51735340100"
5233,4007,27,5,"51","735","340200","51735340200"
3163,2314,6,2,"51","735","340300","51735340300"
0,0,0,0,"51","735","990100","51735990100"
1217,955,79,4,"51","820","003100","51820003100"
5240,3874,603,24,"51","820","003200","51820003200"
4538,3361,513,21,"51","820","003300","51820003300"
5365,4157,235,14,"51","820","003400","51820003400"
4646,3763,196,9,"51","820","003500","51820003500"
4148,3869,235,27,"51","750","010101","51750010101"
5672,5375,346,48,"51","750","010102","51750010102"
6588,5019,477,17,"51","750","010200","51750010200"
3988,3501,781,12,"51","760","010200","51760010200"
1266,940,892,1,"51","760","010300","51760010300"
2821,2355,822,8,"51","760","010401","51760010401"
3163,2695,1153,14,"51","760","010402","51760010402"
1439,1197,971,6,"51","760","010500","51760010500"
1978,1613,1290,1,"51","760","010600","51760010600"
2338,1844,1677,9,"51","760","010700","51760010700"
4016,3090,2899,11,"51","760","010800","51760010800"
2957,2284,2091,6,"51","760","010900","51760010900"
1997,1516,1349,2,"51","760","011000","51760011000"
2932,2495,2123,8,"51","760","011100","51760011100"
1669,973,948,2,"51","760","020100","51760020100"
3811,2271,2196,8,"51","760","020200","51760020200"
1630,1296,1203,2,"51","760","020300","51760020300"
5115,3701,3399,10,"51","760","020400","51760020400"
3851,3560,918,15,"51","760","020500","51760020500"
1544,1375,459,8,"51","760","020600","51760020600"
1155,962,791,9,"51","760","020700","51760020700"
1410,1225,379,9,"51","760","020800","51760020800"
2619,2121,1854,7,"51","760","020900","51760020900"
1567,1060,736,4,"51","760","021000","51760021000"
1432,1048,820,4,"51","760","021100","51760021100"
1575,1200,966,3,"51","760","021200","51760021200"
2895,1677,1604,6,"51","760","030100","51760030100"
2055,1914,739,8,"51","760","030200","51760030200"
4029,3942,976,29,"51","760","030500","51760030500"
3900,3708,1621,45,"51","760","040200","51760040200"
4101,4075,828,40,"51","760","040300","51760040300"
4032,3840,408,29,"51","760","040400","51760040400"
3152,2941,205,8,"51","760","040500","51760040500"
1810,1753,97,6,"51","760","040600","51760040600"
2373,2176,105,13,"51","760","040700","51760040700"
1364,1253,88,4,"51","760","040800","51760040800"
2544,2365,216,7,"51","760","040900","51760040900"
2625,2386,44,10,"51","760","041000","51760041000"
3724,3503,487,22,"51","760","041100","51760041100"
1179,1105,44,8,"51","760","041200","51760041200"
3100,2601,1812,17,"51","760","041300","51760041300"
2252,1962,1044,7,"51","760","041400","51760041400"
1440,1258,554,4,"51","760","041600","51760041600"
2577,2207,166,5,"51","760","050100","51760050100"
3006,2466,62,2,"51","760","050200","51760050200"
1267,1082,26,1,"51","760","050300","51760050300"
2907,2241,190,1,"51","760","050400","51760050400"
5439,4891,237,12,"51","760","050500","51760050500"
2378,1716,17,3,"51","760","050600","51760050600"
2078,1599,1417,2,"51","760","060200","51760060200"
5148,3810,3115,19,"51","760","060400","51760060400"
5858,4897,2123,10,"51","760","060500","51760060500"
2416,1982,249,2,"51","760","060600","51760060600"
5010,3346,2994,13,"51","760","060700","51760060700"
3585,2452,1618,5,"51","760","060800","51760060800"
1311,1033,405,7,"51","760","060900","51760060900"
3284,2654,1492,19,"51","760","061000","51760061000"
4706,4041,707,10,"51","760","070100","51760070100"
3410,2762,1002,11,"51","760","070300","51760070300"
3836,3268,499,3,"51","760","070400","51760070400"
5660,4227,1778,16,"51","760","070601","51760070601"
2398,1781,1266,5,"51","760","070602","51760070602"
4754,3610,2292,15,"51","760","070700","51760070700"
7291,5324,3426,13,"51","760","070801","51760070801"
2703,2078,1155,5,"51","760","070802","51760070802"
6635,4998,3730,18,"51","760","070900","51760070900"
5325,4072,2832,26,"51","760","071001","51760071001"
3423,2735,1599,6,"51","760","071002","51760071002"
4961,4152,1908,16,"51","760","071100","51760071100"
3794,2951,2109,15,"51","770","000100","51770000100"
4842,3823,718,17,"51","770","000300","51770000300"
4761,3966,353,3,"51","770","000400","51770000400"
4615,3673,731,22,"51","770","000500","51770000500"
4905,3731,422,17,"51","770","000601","51770000601"
3508,2894,220,11,"51","770","000602","51770000602"
5361,3648,2454,21,"51","770","000900","51770000900"
2192,1624,846,15,"51","770","001000","51770001000"
1204,1160,312,3,"51","770","001100","51770001100"
3405,2942,422,16,"51","770","001200","51770001200"
3958,3104,242,10,"51","770","001800","51770001800"
4936,3870,313,17,"51","770","001900","51770001900"
3468,2952,98,7,"51","770","002100","51770002100"
2844,2288,676,11,"51","770","002200","51770002200"
6971,5336,2872,27,"51","770","002300","51770002300"
3816,2872,2609,15,"51","770","002400","51770002400"
5641,3918,3076,34,"51","770","002500","51770002500"
3215,2375,402,10,"51","770","002600","51770002600"
5395,4094,241,19,"51","770","002700","51770002700"
5414,4198,237,15,"51","770","002800","51770002800"
5130,4134,165,5,"51","770","002900","51770002900"
3820,3312,263,8,"51","770","003000","51770003000"
3837,3041,127,2,"51","770","003100","51770003100"
5766,4447,541,25,"51","775","010100","51775010100"
6344,5282,138,1,"51","775","010200","51775010200"
4658,3733,419,16,"51","775","010300","51775010300"
3357,2748,93,0,"51","775","010501","51775010501"
4677,3658,57,6,"51","775","010502","51775010502"
1054,924,97,4,"51","790","000100","51790000100"
3755,2944,573,10,"51","790","000200","51790000200"
5126,4075,435,11,"51","790","000300","51790000300"
7115,5646,426,26,"51","790","000400","51790000400"
2990,2546,345,10,"51","790","000500","51790000500"
3706,2996,302,12,"51","790","000600","51790000600"
2269,1583,1376,6,"51","800","065100","51800065100"
2049,1623,388,6,"51","800","065200","51800065200"
3361,2476,1370,3,"51","800","065300","51800065300"
3739,2582,2261,7,"51","800","065400","51800065400"
2772,1933,1833,6,"51","800","065500","51800065500"
7351,4903,2688,21,"51","800","075101","51800075101"
4182,3210,648,14,"51","800","075102","51800075102"
4718,3571,487,6,"51","800","075201","51800075201"
1260,896,337,0,"51","800","075202","51800075202"
3284,2211,630,11,"51","800","075203","51800075203"
4795,3518,1869,16,"51","800","075204","51800075204"
2160,1750,194,3,"51","800","075301","51800075301"
2333,1876,548,8,"51","800","075302","51800075302"
2544,2182,948,1,"51","800","075401","51800075401"
3614,2534,966,12,"51","800","075402","51800075402"
4182,3044,1246,13,"51","800","075403","51800075403"
935,730,74,0,"51","800","075404","51800075404"
2236,1803,147,3,"51","800","075405","51800075405"
4711,3416,1393,6,"51","800","075501","51800075501"
4002,2840,1322,9,"51","800","075502","51800075502"
3574,2542,2234,2,"51","800","075601","51800075601"
1397,1135,149,1,"51","800","075602","51800075602"
1684,1239,439,1,"51","800","075701","51800075701"
3574,2690,636,2,"51","800","075702","51800075702"
1551,1242,346,0,"51","800","075703","51800075703"
3098,2390,390,3,"51","800","075801","51800075801"
1755,1417,593,2,"51","800","075802","51800075802"
1455,1112,218,3,"51","800","075803","51800075803"
3976,3151,714,15,"51","810","040000","51810040000"
5283,3966,1999,26,"51","810","040200","51810040200"
6995,5194,2987,40,"51","810","040402","51810040402"
3810,3017,645,10,"51","810","040403","51810040403"
6718,5450,831,22,"51","810","040404","51810040404"
5879,4350,2212,28,"51","810","040600","51810040600"
4107,3180,576,13,"51","810","040801","51810040801"
4771,3570,1047,18,"51","810","040802","51810040802"
2043,1605,237,4,"51","810","041002","51810041002"
3512,2730,379,11,"51","810","041003","51810041003"
3963,3033,605,17,"51","810","041004","51810041004"
5997,4988,343,9,"51","810","041200","51810041200"
5145,3888,313,4,"51","810","041400","51810041400"
3325,2696,156,4,"51","810","041600","51810041600"
4334,3262,389,9,"51","810","041801","51810041801"
5788,4820,138,7,"51","810","041802","51810041802"
3502,2622,54,2,"51","810","042000","51810042000"
3625,2755,107,5,"51","810","042201","51810042201"
4468,3464,144,8,"51","810","042202","51810042202"
4837,3715,430,14,"51","810","042400","51810042400"
2488,1912,316,10,"51","810","042600","51810042600"
5775,4407,783,16,"51","810","042801","51810042801"
4549,3537,1055,33,"51","810","042802","51810042802"
4259,3108,38,4,"51","810","043002","51810043002"
4228,3850,49,3,"51","810","043003","51810043003"
3803,3027,52,4,"51","810","043004","51810043004"
1134,676,152,12,"51","810","043200","51810043200"
2055,1757,9,1,"51","810","043400","51810043400"
1724,1413,5,0,"51","810","043600","51810043600"
3714,2961,47,4,"51","810","043800","51810043800"
5535,4663,580,35,"51","810","044001","51810044001"
5469,4559,240,14,"51","810","044003","51810044003"
2069,1805,146,9,"51","810","044004","51810044004"
6587,5018,1257,20,"51","810","044200","51810044200"
3628,2757,35,1,"51","810","044401","51810044401"
5881,4544,328,15,"51","810","044402","51810044402"
5999,4804,89,5,"51","810","044600","51810044600"
3277,2643,506,19,"51","810","044805","51810044805"
3758,2869,1037,23,"51","810","044806","51810044806"
5762,4422,802,41,"51","810","044807","51810044807"
3986,3145,502,14,"51","810","044808","51810044808"
1298,1251,421,5,"51","810","045000","51810045000"
3734,2494,524,14,"51","810","045200","51810045200"
4651,3506,1104,29,"51","810","045405","51810045405"
9254,6670,1986,52,"51","810","045406","51810045406"
4434,3254,610,16,"51","810","045407","51810045407"
6415,4573,657,34,"51","810","045408","51810045408"
1658,1336,13,1,"51","810","045412","51810045412"
6161,4453,1303,23,"51","810","045414","51810045414"
1974,1478,257,8,"51","810","045415","51810045415"
9169,6455,563,9,"51","810","045417","51810045417"
4636,3308,160,2,"51","810","045420","51810045420"
3656,2509,350,12,"51","810","045421","51810045421"
4972,3497,556,17,"51","810","045422","51810045422"
8805,6847,1400,9,"51","810","045423","51810045423"
4442,3156,245,5,"51","810","045424","51810045424"
2976,2197,165,6,"51","810","045425","51810045425"
6739,4772,550,19,"51","810","045426","51810045426"
6281,4556,618,26,"51","810","045427","51810045427"
1462,1250,25,1,"51","810","045428","51810045428"
2795,2134,185,5,"51","810","045601","51810045601"
1689,1410,281,11,"51","810","045603","51810045603"
6335,5061,1282,35,"51","810","045604","51810045604"
4525,3524,545,11,"51","810","045801","51810045801"
3202,2507,488,13,"51","810","045803","51810045803"
1344,1040,164,7,"51","810","045805","51810045805"
4086,2997,842,17,"51","810","045806","51810045806"
1518,1216,297,6,"51","810","045807","51810045807"
2330,1702,489,16,"51","810","045808","51810045808"
6293,4810,1450,23,"51","810","045809","51810045809"
2067,1234,607,15,"51","810","045810","51810045810"
5126,3943,475,5,"51","810","046002","51810046002"
6605,5070,1140,34,"51","810","046005","51810046005"
4510,3489,272,2,"51","810","046006","51810046006"
4932,3834,456,9,"51","810","046009","51810046009"
3132,2330,442,11,"51","810","046010","51810046010"
1515,1214,200,10,"51","810","046011","51810046011"
7772,5483,1572,26,"51","810","046012","51810046012"
4397,3236,1120,20,"51","810","046013","51810046013"
4342,3084,835,21,"51","810","046014","51810046014"
5403,3811,861,20,"51","810","046015","51810046015"
3447,2379,453,7,"51","810","046016","51810046016"
4639,3673,413,4,"51","810","046204","51810046204"
5185,3976,653,7,"51","810","046206","51810046206"
7044,5328,1284,26,"51","810","046207","51810046207"
3063,2408,281,2,"51","810","046211","51810046211"
4062,3156,402,12,"51","810","046212","51810046212"
6149,4617,1233,44,"51","810","046213","51810046213"
5208,3790,839,12,"51","810","046214","51810046214"
5939,4226,991,16,"51","810","046216","51810046216"
4354,3123,658,15,"51","810","046217","51810046217"
3733,2694,606,6,"51","810","046219","51810046219"
4683,3643,1628,23,"51","810","046220","51810046220"
3716,2631,1341,22,"51","810","046221","51810046221"
5424,4157,678,12,"51","810","046222","51810046222"
2731,2154,328,8,"51","810","046223","51810046223"
4446,3211,1097,20,"51","810","046224","51810046224"
4780,3580,829,15,"51","810","046225","51810046225"
4998,3975,207,7,"51","810","046400","51810046400"
0,0,0,0,"51","810","990100","51810990100"
4138,3797,249,7,"51","830","370100","51830370100"
2708,2169,643,20,"51","830","370200","51830370200"
7222,6698,707,48,"51","830","370300","51830370300"
6657,4925,918,28,"51","840","000100","51840000100"
3417,2794,191,11,"51","840","000201","51840000201"
5736,4592,231,12,"51","840","000202","51840000202"
5066,4009,427,26,"51","840","000301","51840000301"
5327,4062,356,11,"51","840","000302","51840000302"
